FIPS,Center_X,Center_Y
Prince_William__VA,0.0,0.0
Manassas_Park__VA,0.0,0.0
Southern_Unorganized__AK,3.5382146601941744,8.208803689320389
North_Slope__AK,0.0,0.0
Northwest_Arctic__AK,0.0,0.0
Ketchikan_Gateway__AK,0.0,0.0
Wrangell_AK,0.0,0.0
Sitka__AK,0.0,0.0
Haines__AK,0.0,0.0
Juneau__AK,0.0,0.0
Yakutat__AK,0.0,0.0
Aleutians_West__AK,0.0,0.0
Aleutians_East__AK,0.0,0.0
Kodiak_Island__AK,0.0,0.0
Bristol_Bay__AK,0.0,0.0
Dillingham__AK,0.0,0.0
Lake_and_Peninsula__AK,0.0,0.0
Kenai_Peninsula__AK,0.0,0.0
Anchorage__AK,0.0,0.0
Valdez-Cordova__AK,0.0,0.0
Matanuska-Susitna__AK,0.0,0.0
SE_Fairbanks__AK,0.0,0.0
Fairbanks_North_Stark__AK,0.0,0.0
Denali__AK,0.0,0.0
Bethel__AK,0.0,0.0
Wade_Hampton__AK,0.0,0.0
Nome__AK,0.0,0.0
Yukon-Koyukuk__AK,0.0,0.0
Houston__AL,0.0,0.0
Henry__AL,0.0,0.0
Geneva__AL,0.0,0.0
Dale__AL,0.0,0.0
Coffee__AL,0.0,0.0
Covington__AL,0.0,0.0
Mobile__AL,0.0,0.0
Baldwin__AL,0.0,0.0
Escambia__AL,0.0,0.0
Conecuh__AL,0.0,0.0
Washington__AL,0.0,0.0
Choctaw__AL,0.0,0.0
Clarke__AL,0.0,0.0
Monroe__AL,0.0,0.0
Wilcox__AL,0.0,0.0
Butler__AL,0.0,0.0
Crenshaw__AL,0.0,0.0
Pike__AL,0.0,0.0
Bullock__AL,0.0,0.0
Macon__AL,0.0,0.0
Lowndes__AL,0.0,0.0
Montgomery__AL,0.0,0.0
Elmore__AL,0.0,0.0
Autauga__AL,0.0,0.0
Dallas__AL,0.0,0.0
Marengo__AL,0.0,0.0
Sumter__AL,0.0,0.0
Perry__AL,0.0,0.0
Chilton__AL,0.0,0.0
Coosa__AL,0.0,0.0
Tallapoosa__AL,0.0,0.0
Clay__AL,0.0,0.0
Talladega__AL,0.0,0.0
Shelby__AL,0.0,0.0
Bibb__AL,0.0,0.0
Hale__AL,0.0,0.0
Greene__AL,0.0,0.0
Pickens__AL,0.0,0.0
Tuscaloosa__AL,0.0,0.0
Jefferson__AL,0.0,0.0
Walker__AL,0.0,0.0
Lamar__AL,0.0,0.0
Fayette__AL,0.0,0.0
Franklin__AL,0.0,0.0
Marion__AL,0.0,0.0
Winston__AL,0.0,0.0
Cullman__AL,0.0,0.0
Blount__AL,0.0,0.0
St._Clair__AL,0.0,0.0
Calhoun__AL,0.0,0.0
Etowah__AL,0.0,0.0
Marshall__AL,0.0,0.0
Morgan__AL,0.0,0.0
Lawrence__AL,0.0,0.0
Colbert__AL,0.0,0.0
Lauderdale__AL,0.0,0.0
Limestone__AL,0.0,0.0
Madison__AL,0.0,0.0
Jackson__AL,0.0,0.0
DeKalb__AL,0.0,0.0
Cherokee__AL,0.0,0.0
Cleburne__AL,0.0,0.0
Randolph__AL,0.0,0.0
Chambers__AL,0.0,0.0
Lee__AL,0.0,0.0
Russell__AL,0.0,0.0
Barbour__AL,0.0,0.0
Chicot__AR,0.0,0.0
Ashley__AR,0.0,0.0
Pope__AR,0.0,0.0
Newton__AR,0.0,0.0
Madison__AR,0.0,0.0
Franklin__AR,0.0,0.0
Johnson__AR,0.0,0.0
Logan__AR,0.0,0.0
Yell__AR,0.0,0.0
Perry__AR,0.0,0.0
Conway__AR,0.0,0.0
Faulkner__AR,0.0,0.0
Van_Buren__AR,0.0,0.0
Searcy__AR,0.0,0.0
Stone__AR,0.0,0.0
Cleburne__AR,0.0,0.0
White__AR,0.0,0.0
Independence__AR,0.0,0.0
Jackson__AR,0.0,0.0
Woodruff__AR,0.0,0.0
St._Francis__AR,0.0,0.0
Crittenden__AR,0.0,0.0
Cross__AR,0.0,0.0
Poinsett__AR,0.0,0.0
Mississippi__AR,0.0,0.0
Craighead__AR,0.0,0.0
Izard__AR,0.0,0.0
Lawrence__AR,0.0,0.0
Sharp__AR,0.0,0.0
Greene__AR,0.0,0.0
Clay__AR,0.0,0.0
Randolph__AR,0.0,0.0
Fulton__AR,0.0,0.0
Baxter__AR,0.0,0.0
Marion__AR,0.0,0.0
Boone__AR,0.0,0.0
Carroll__AR,0.0,0.0
Benton__AR,0.0,0.0
Washington__AR,0.0,0.0
Crawford__AR,0.0,0.0
Sebastian__AR,0.0,0.0
Scott__AR,0.0,0.0
Montgomery__AR,0.0,0.0
Garland__AR,0.0,0.0
Saline__AR,0.0,0.0
Pulaski__AR,0.0,0.0
Lonoke__AR,0.0,0.0
Prairie__AR,0.0,0.0
Monroe__AR,0.0,0.0
Lee__AR,0.0,0.0
Phillips__AR,0.0,0.0
Jefferson__AR,0.0,0.0
Grant__AR,0.0,0.0
Hot_Spring__AR,0.0,0.0
Dallas__AR,0.0,0.0
Cleveland__AR,0.0,0.0
Lincoln__AR,0.0,0.0
Arkansas__AR,0.0,0.0
Desha__AR,0.0,0.0
Drew__AR,0.0,0.0
Bradley__AR,0.0,0.0
Calhoun__AR,0.0,0.0
Ouachita__AR,0.0,0.0
Nevada__AR,0.0,0.0
Hempstead__AR,0.0,0.0
Clark__AR,0.0,0.0
Pike__AR,0.0,0.0
Howard__AR,0.0,0.0
Polk__AR,0.0,0.0
Sevier__AR,0.0,0.0
Little_River__AR,0.0,0.0
Miller__AR,0.0,0.0
Lafayette__AR,0.0,0.0
Columbia__AR,0.0,0.0
Union__AR,0.0,0.0
Mohave__AZ,0.0,0.0
La_Paz__AZ,0.0,0.0
Cochise__AZ,0.0,0.0
Santa_Cruz__AZ,0.0,0.0
Pima__AZ,0.0,0.0
Greenlee__AZ,0.0,0.0
Graham__AZ,0.0,0.0
Apache__AZ,0.0,0.0
Navajo__AZ,0.0,0.0
Gila__AZ,0.0,0.0
Pinal__AZ,0.0,0.0
Yuma__AZ,0.0,0.0
Maricopa__AZ,0.0,0.0
Coconino__AZ,0.0,0.0
Yavapai__AZ,0.0,0.0
Del_Norte__CA,0.0,0.0
Siskiyou__CA,0.0,0.0
Imperial__CA,0.0,0.0
Riverside__CA,0.0,0.0
San_Diego__CA,0.0,0.0
Orange__CA,0.0,0.0
Los_Angeles__CA,0.0,0.0
Ventura__CA,0.0,0.0
Santa_Barbara__CA,0.0,0.0
San_Luis_Obispo__CA,0.0,0.0
Kern__CA,0.0,0.0
San_Bernardino__CA,0.0,0.0
Inyo__CA,0.0,0.0
Tulare__CA,0.0,0.0
Kings__CA,0.0,0.0
Madera__CA,0.0,0.0
Fresno__CA,0.0,0.0
Monterey__CA,0.0,0.0
San_Benito__CA,0.0,0.0
Merced__CA,0.0,0.0
Santa_Cruz__CA,0.0,0.0
San_Mateo__CA,0.0,0.0
Alameda__CA,0.0,0.0
Santa_Clara__CA,0.0,0.0
Stanislaus__CA,0.0,0.0
Mariposa__CA,0.0,0.0
Tuolumne__CA,0.0,0.0
Mono__CA,0.0,0.0
Alpine__CA,0.0,0.0
Calaveras__CA,0.0,0.0
Amador__CA,0.0,0.0
San_Joaquin__CA,0.0,0.0
Contra_Costa__CA,0.0,0.0
El_Dorado__CA,0.0,0.0
Sacramento__CA,0.0,0.0
Solano__CA,0.0,0.0
San_Franciso__CA,0.0,0.0
Marin__CA,0.0,0.0
Napa__CA,0.0,0.0
Sonoma__CA,0.0,0.0
Yolo__CA,0.0,0.0
Placer__CA,0.0,0.0
Nevada__CA,0.0,0.0
Sierra__CA,0.0,0.0
Yuba__CA,0.0,0.0
Sutter__CA,0.0,0.0
Colusa__CA,0.0,0.0
Lake__CA,0.0,0.0
Butte__CA,0.0,0.0
Glenn__CA,0.0,0.0
Plumas__CA,0.0,0.0
Tehama__CA,0.0,0.0
Mendocino__CA,0.0,0.0
Humboldt__CA,0.0,0.0
Trinity__CA,0.0,0.0
Shasta__CA,0.0,0.0
Lassen__CA,0.0,0.0
Modoc__CA,0.0,0.0
Montezuma__CO,0.0,0.0
La_Plata__CO,0.0,0.0
Prowers__CO,0.0,0.0
Bent__CO,0.0,0.0
Kiowa__CO,0.0,0.0
Cheyenne__CO,0.0,0.0
Kit_Carson__CO,0.0,0.0
Yuma__CO,0.0,0.0
Washington__CO,0.0,0.0
Phillips__CO,0.0,0.0
Sedgwick__CO,0.0,0.0
Logan__CO,0.0,0.0
Morgan__CO,0.0,0.0
Baca__CO,0.0,0.0
Otero__CO,0.0,0.0
Crowley__CO,0.0,0.0
Lincoln__CO,0.0,0.0
Elbert__CO,0.0,0.0
Arapahoe__CO,0.0,0.0
Weld__CO,0.0,0.0
Adams__CO,0.0,0.0
Denver__CO,0.0,0.0
Douglas__CO,0.0,0.0
El_Paso__CO,0.0,0.0
Teller__CO,0.0,0.0
Pueblo__CO,0.0,0.0
Las_Animas__CO,0.0,0.0
Huerfano__CO,0.0,0.0
Costilla__CO,0.0,0.0
Conejos__CO,0.0,0.0
Alamosa__CO,0.0,0.0
Rio_Grande__CO,0.0,0.0
Custer__CO,0.0,0.0
Fremont__CO,0.0,0.0
Saguache__CO,0.0,0.0
Chaffee__CO,0.0,0.0
Gunnison__CO,0.0,0.0
Pitkin__CO,0.0,0.0
Lake__CO,0.0,0.0
Park__CO,0.0,0.0
Jefferson__CO,0.0,0.0
Gilpin__CO,0.0,0.0
Clear_Creek__CO,0.0,0.0
Summit__CO,0.0,0.0
Eagle__CO,0.0,0.0
Boulder__CO,0.0,0.0
Grand__CO,0.0,0.0
Larimer__CO,0.0,0.0
Jackson__CO,0.0,0.0
Routt__CO,0.0,0.0
Moffat__CO,0.0,0.0
Rio_Blanco__CO,0.0,0.0
Garfield__CO,0.0,0.0
Delta__CO,0.0,0.0
Mesa__CO,0.0,0.0
Montrose__CO,0.0,0.0
San_Juan__CO,0.0,0.0
Dolores__CO,0.0,0.0
San_Miguel__CO,0.0,0.0
Ouray__CO,0.0,0.0
Hinsdale__CO,0.0,0.0
Mineral__CO,0.0,0.0
Archuleta__CO,0.0,0.0
Broomfield__CO,0.0,0.0
Hartford__CT,0.0,0.0
Litchfield__CT,0.0,0.0
Fairfield__CT,0.0,0.0
New_Haven__CT,0.0,0.0
Middlesex__CT,0.0,0.0
New_London__CT,0.0,0.0
Tolland__CT,0.0,0.0
Windham__CT,0.0,0.0
New_Castle__DE,0.0,0.0
Sussex__DE,0.0,0.0
Kent__DE,0.0,0.0
Bay__FL,0.0,0.0
Jackson__FL,0.0,0.0
Charlotte__FL,0.0,0.0
Lee__FL,0.0,0.0
Hendry__FL,0.0,0.0
Collier__FL,0.0,0.0
Monroe__FL,0.0,0.0
Miami-Dade__FL,0.0,0.0
Broward__FL,0.0,0.0
Palm_Beach__FL,0.0,0.0
Sarasota__FL,0.0,0.0
DeSoto__FL,0.0,0.0
Glades__FL,0.0,0.0
Martin__FL,0.0,0.0
St._Lucie__FL,0.0,0.0
Indian_River__FL,0.0,0.0
Okeechobee__FL,0.0,0.0
Highlands__FL,0.0,0.0
Hardee__FL,0.0,0.0
Manatee__FL,0.0,0.0
Pinellas__FL,0.0,0.0
Hillsborough__FL,0.0,0.0
Hernando__FL,0.0,0.0
Pasco__FL,0.0,0.0
Osceola__FL,0.0,0.0
Polk__FL,0.0,0.0
Orandge__FL,0.0,0.0
Seminole__FL,0.0,0.0
Lake_FL,0.0,0.0
Sumter__FL,0.0,0.0
Citrus__FL,0.0,0.0
Levy__FL,0.0,0.0
Marion__FL,0.0,0.0
Volusia__FL,0.0,0.0
Brevard__FL,0.0,0.0
Washington__FL,0.0,0.0
Holmes__FL,0.0,0.0
Walton__FL,0.0,0.0
Okaloosa__FL,0.0,0.0
Santa_Rosa__FL,0.0,0.0
Escambia__FL,0.0,0.0
Calhoun__FL,0.0,0.0
Gulf__FL,0.0,0.0
Franklin__FL,0.0,0.0
Dixie__FL,0.0,0.0
Gilchrist__FL,0.0,0.0
Alachua__FL,0.0,0.0
Putnam__FL,0.0,0.0
Flagler__FL,0.0,0.0
St._Johns__FL,0.0,0.0
Clay__FL,0.0,0.0
Bradford__FL,0.0,0.0
Union__FL,0.0,0.0
Suwannee__FL,0.0,0.0
Lafayette__FL,0.0,0.0
Taylor__FL,0.0,0.0
Wakulla__FL,0.0,0.0
Liberty__FL,0.0,0.0
Gadsden__FL,0.0,0.0
Leon__FL,0.0,0.0
Jefferson__FL,0.0,0.0
Madison__FL,0.0,0.0
Hamilton__FL,0.0,0.0
Columbia__FL,0.0,0.0
Baker__FL,0.0,0.0
Duval__FL,0.0,0.0
Nassau__FL,0.0,0.0
Rabun__GA,0.0,0.0
Towns__GA,0.0,0.0
Mitchell__GA,0.0,0.0
Baker__GA,0.0,0.0
Miller__GA,0.0,0.0
Early__GA,0.0,0.0
Seminole__GA,0.0,0.0
Decatur__GA,0.0,0.0
Grady__GA,0.0,0.0
Thomas__GA,0.0,0.0
Brooks__GA,0.0,0.0
Colquitt__GA,0.0,0.0
Cook__GA,0.0,0.0
Lanier__GA,0.0,0.0
Lowndes__GA,0.0,0.0
Echols__GA,0.0,0.0
Clinch__GA,0.0,0.0
Atkinson__GA,0.0,0.0
Berrien__GA,0.0,0.0
Irwin__GA,0.0,0.0
Tift__GA,0.0,0.0
Worth__GA,0.0,0.0
Dougherty__GA,0.0,0.0
Calhoun__GA,0.0,0.0
Clay__GA,0.0,0.0
Quitman__GA,0.0,0.0
Randolph__GA,0.0,0.0
Terrell__GA,0.0,0.0
Lee__GA,0.0,0.0
Crisp__GA,0.0,0.0
Turner__GA,0.0,0.0
Ben_Hill__GA,0.0,0.0
Coffee__GA,0.0,0.0
Bacon__GA,0.0,0.0
Wayne__GA,0.0,0.0
Pierce__GA,0.0,0.0
Brantley__GA,0.0,0.0
Ware__GA,0.0,0.0
Charlton__GA,0.0,0.0
Camden__GA,0.0,0.0
Glynn__GA,0.0,0.0
McIntosh__GA,0.0,0.0
Heard__GA,0.0,0.0
Haralson__GA,0.0,0.0
Polk__GA,0.0,0.0
Floyd__GA,0.0,0.0
Chattooga__GA,0.0,0.0
Whitfield__GA,0.0,0.0
Catoosa__GA,0.0,0.0
Walker__GA,0.0,0.0
Dade__GA,0.0,0.0
Long__GA,0.0,0.0
Appling__GA,0.0,0.0
Jeff_Davis__GA,0.0,0.0
Stewart__GA,0.0,0.0
Webster__GA,0.0,0.0
Sumter__GA,0.0,0.0
Wilcox__GA,0.0,0.0
Telfair__GA,0.0,0.0
Wheeler__GA,0.0,0.0
Dodge__GA,0.0,0.0
Pulaski__GA,0.0,0.0
Dooly__GA,0.0,0.0
Macon__GA,0.0,0.0
Schley__GA,0.0,0.0
Marion__GA,0.0,0.0
Chattahoochee__GA,0.0,0.0
Muscogee__GA,0.0,0.0
Taylor__GA,0.0,0.0
Talbot__GA,0.0,0.0
Harris__GA,0.0,0.0
Troup__GA,0.0,0.0
Carroll__GA,0.0,0.0
Paulding__GA,0.0,0.0
Murray__GA,0.0,0.0
Gordon__GA,0.0,0.0
Bartow__GA,0.0,0.0
Cobb__GA,0.0,0.0
Douglas__GA,0.0,0.0
Coweta__GA,0.0,0.0
Meriwether__GA,0.0,0.0
Pike__GA,0.0,0.0
Upson__GA,0.0,0.0
Crawford__GA,0.0,0.0
Peach__GA,0.0,0.0
Houston__GA,0.0,0.0
Bleckley__GA,0.0,0.0
Laurens__GA,0.0,0.0
Wilkinson__GA,0.0,0.0
Twiggs__GA,0.0,0.0
Bibb__GA,0.0,0.0
Baldwin__GA,0.0,0.0
Jones__GA,0.0,0.0
Monroe__GA,0.0,0.0
Lamar__GA,0.0,0.0
Spalding__GA,0.0,0.0
Fayette__GA,0.0,0.0
Clayton__GA,0.0,0.0
Butts__GA,0.0,0.0
Henry__GA,0.0,0.0
DeKalb__GA,0.0,0.0
Fulton__GA,0.0,0.0
Cherokee__GA,0.0,0.0
Pickens__GA,0.0,0.0
Dawson__GA,0.0,0.0
Forsyth__GA,0.0,0.0
Gwinnett__GA,0.0,0.0
Rockdale__GA,0.0,0.0
Jasper__GA,0.0,0.0
Newton__GA,0.0,0.0
Walton__GA,0.0,0.0
Barrow__GA,0.0,0.0
Jackson__GA,0.0,0.0
Clarke__GA,0.0,0.0
Oconee__GA,0.0,0.0
Morgan__GA,0.0,0.0
Putnam__GA,0.0,0.0
Hancock__GA,0.0,0.0
Taliaferro__GA,0.0,0.0
Greene__GA,0.0,0.0
Oglethorpe__GA,0.0,0.0
Wilkes__GA,0.0,0.0
Warren__GA,0.0,0.0
McDuffie__GA,0.0,0.0
Glascock__GA,0.0,0.0
Jefferson__GA,0.0,0.0
Washington__GA,0.0,0.0
Johnson__GA,0.0,0.0
Treutlen__GA,0.0,0.0
Montgomery__GA,0.0,0.0
Toombs__GA,0.0,0.0
Liberty__GA,0.0,0.0
Evans__GA,0.0,0.0
Tattnall__GA,0.0,0.0
Candler__GA,0.0,0.0
Emanuel__GA,0.0,0.0
Chatham__GA,0.0,0.0
Bryan__GA,0.0,0.0
Bulloch__GA,0.0,0.0
Jenkins__GA,0.0,0.0
Effingham__GA,0.0,0.0
Screven__GA,0.0,0.0
Burke__GA,0.0,0.0
Richmond__GA,0.0,0.0
Columbia__GA,0.0,0.0
Lincoln__GA,0.0,0.0
Elbert__GA,0.0,0.0
Madison__GA,0.0,0.0
Banks__GA,0.0,0.0
Hall__GA,0.0,0.0
Lumpkin__GA,0.0,0.0
Gilmer__GA,0.0,0.0
Fannin__GA,0.0,0.0
Union__GA,0.0,0.0
White__GA,0.0,0.0
Habersham__GA,0.0,0.0
Hart__GA,0.0,0.0
Franklin__GA,0.0,0.0
Stephens__GA,0.0,0.0
Kauai__HI,0.0,0.0
Honolulu__HI,0.0,0.0
Maui__HI,0.0,0.0
Hawaii__HI,0.0,0.0
Kalawao__HI,0.0,0.0
Scott__IA,0.0,0.0
Clinton__IA,0.0,0.0
Lyon__IA,0.0,0.0
Sioux__IA,0.0,0.0
Plymouth__IA,0.0,0.0
Cherokee__IA,0.0,0.0
O_Brien__IA,0.0,0.0
Osceola__IA,0.0,0.0
Dickinson__IA,0.0,0.0
Clay__IA,0.0,0.0
Buena_Vista__IA,0.0,0.0
Pocahontas__IA,0.0,0.0
Palo_Alto__IA,0.0,0.0
Emmet__IA,0.0,0.0
Kossuth__IA,0.0,0.0
Humboldt__IA,0.0,0.0
Woodbury__IA,0.0,0.0
Ida__IA,0.0,0.0
Sac__IA,0.0,0.0
Calhoun__IA,0.0,0.0
Webster__IA,0.0,0.0
Greene__IA,0.0,0.0
Carroll__IA,0.0,0.0
Crawford__IA,0.0,0.0
Monona__IA,0.0,0.0
Harrison__IA,0.0,0.0
Shelby__IA,0.0,0.0
Audubon__IA,0.0,0.0
Guthrie__IA,0.0,0.0
Adair__IA,0.0,0.0
Cass__IA,0.0,0.0
Pottawattamie__IA,0.0,0.0
Fremont__IA,0.0,0.0
Mills__IA,0.0,0.0
Montgomery__IA,0.0,0.0
Page__IA,0.0,0.0
Taylor__IA,0.0,0.0
Adams__IA,0.0,0.0
Union__IA,0.0,0.0
Ringgold__IA,0.0,0.0
Decatur__IA,0.0,0.0
Clarke__IA,0.0,0.0
Madison__IA,0.0,0.0
Dallas__IA,0.0,0.0
Boone__IA,0.0,0.0
Hamilton__IA,0.0,0.0
Wright__IA,0.0,0.0
Hancock__IA,0.0,0.0
Winnebago__IA,0.0,0.0
Worth__IA,0.0,0.0
Cerro_Gordo__IA,0.0,0.0
Franklin__IA,0.0,0.0
Hardin__IA,0.0,0.0
Story__IA,0.0,0.0
Polk__IA,0.0,0.0
Warren__IA,0.0,0.0
Lucas__IA,0.0,0.0
Wayne__IA,0.0,0.0
Appanoose__IA,0.0,0.0
Monroe__IA,0.0,0.0
Marion__IA,0.0,0.0
Jasper__IA,0.0,0.0
Marshall__IA,0.0,0.0
Grundy__IA,0.0,0.0
Butler__IA,0.0,0.0
Floyd__IA,0.0,0.0
Mitchcell__IA,0.0,0.0
Howard__IA,0.0,0.0
Chickasaw__IA,0.0,0.0
Bremer__IA,0.0,0.0
Black_Hawk__IA,0.0,0.0
Tama__IA,0.0,0.0
Poweshiek__IA,0.0,0.0
Mahaska__IA,0.0,0.0
Wapello__IA,0.0,0.0
Davis__IA,0.0,0.0
Van_Buren__IA,0.0,0.0
Jefferson__IA,0.0,0.0
Benton__IA,0.0,0.0
Iowa__IA,0.0,0.0
Keokuk__IA,0.0,0.0
Washington__IA,0.0,0.0
Henry__IA,0.0,0.0
Lee__IA,0.0,0.0
Des_Moines__IA,0.0,0.0
Louisa__IA,0.0,0.0
Muscatine__IA,0.0,0.0
Johnson__IA,0.0,0.0
Linn__IA,0.0,0.0
Cedar__IA,0.0,0.0
Jones__IA,0.0,0.0
Buchanan__IA,0.0,0.0
Fayette__IA,0.0,0.0
Winneshiek__IA,0.0,0.0
Allamakee__IA,0.0,0.0
Clayton__IA,0.0,0.0
Delaware__IA,0.0,0.0
Dubuque__IA,0.0,0.0
Jackson__IA,0.0,0.0
Fremont__ID,0.0,0.0
Clark__ID,0.0,0.0
Benewah__ID,0.0,0.0
Kootenai__ID,0.0,0.0
Bonner__ID,0.0,0.0
Boundary__ID,0.0,0.0
Latah__ID,0.0,0.0
Nez_Perce__ID,0.0,0.0
Lewis__ID,0.0,0.0
Adams__ID,0.0,0.0
Washington__ID,0.0,0.0
Payette__ID,0.0,0.0
Boise__ID,0.0,0.0
Gem__ID,0.0,0.0
Canyon__ID,0.0,0.0
Ada__ID,0.0,0.0
Elmore__ID,0.0,0.0
Owyhee__ID,0.0,0.0
Camas__ID,0.0,0.0
Gooding__ID,0.0,0.0
Jerome__ID,0.0,0.0
Twin_Falls__ID,0.0,0.0
Cassia__ID,0.0,0.0
Oneida__ID,0.0,0.0
Power__ID,0.0,0.0
Bannock__ID,0.0,0.0
Franklin__ID,0.0,0.0
Bear_Lake__ID,0.0,0.0
Caribou__ID,0.0,0.0
Minidoka__ID,0.0,0.0
Lincoln__ID,0.0,0.0
Bonneville__ID,0.0,0.0
Bingham__ID,0.0,0.0
Blaine__ID,0.0,0.0
Valley__ID,0.0,0.0
Shoshone__ID,0.0,0.0
Clearwater__ID,0.0,0.0
Idaho__ID,0.0,0.0
Custer__ID,0.0,0.0
Lemhi__ID,0.0,0.0
Butte__ID,0.0,0.0
Jefferson__ID,0.0,0.0
Madison__ID,0.0,0.0
Teton__ID,0.0,0.0
Vermilion__IL,0.0,0.0
Iroquois__IL,0.0,0.0
Alexander__IL,0.0,0.0
Pulaski__IL,0.0,0.0
Massac__IL,0.0,0.0
Hardin__IL,0.0,0.0
Pope__IL,0.0,0.0
Johnson__IL,0.0,0.0
Union__IL,0.0,0.0
Gallatin__IL,0.0,0.0
Saline__IL,0.0,0.0
Williamson__IL,0.0,0.0
Jackson__IL,0.0,0.0
Monroe__IL,0.0,0.0
Randolph__IL,0.0,0.0
Perry__IL,0.0,0.0
Franklin__IL,0.0,0.0
Hamilton__IL,0.0,0.0
White__IL,0.0,0.0
Jefferson__IL,0.0,0.0
Washington__IL,0.0,0.0
Clinton__IL,0.0,0.0
St._Clair__IL,0.0,0.0
Madison__IL,0.0,0.0
Bond__IL,0.0,0.0
Marion__IL,0.0,0.0
Wayne__IL,0.0,0.0
Wabash__IL,0.0,0.0
Edwards__IL,0.0,0.0
Lawrence__IL,0.0,0.0
Richland__IL,0.0,0.0
Clay__IL,0.0,0.0
Jasper__IL,0.0,0.0
Crawford__IL,0.0,0.0
Clark__IL,0.0,0.0
Cumberland__IL,0.0,0.0
Effingham__IL,0.0,0.0
Fayette__IL,0.0,0.0
Shelby__IL,0.0,0.0
Montgomery__IL,0.0,0.0
Jersey__IL,0.0,0.0
Macoupin__IL,0.0,0.0
Calhoun__IL,0.0,0.0
Greene__IL,0.0,0.0
Christian__IL,0.0,0.0
Coles__IL,0.0,0.0
Edgar__IL,0.0,0.0
Douglas__IL,0.0,0.0
Moultrie__IL,0.0,0.0
Macon__IL,0.0,0.0
Sangamon__IL,0.0,0.0
Morgan__IL,0.0,0.0
Scott__IL,0.0,0.0
Pike__IL,0.0,0.0
Brown__IL,0.0,0.0
Adams__IL,0.0,0.0
Hancock__IL,0.0,0.0
Donough__IL,0.0,0.0
Schuyler__IL,0.0,0.0
Cass__IL,0.0,0.0
Menard__IL,0.0,0.0
Mason__IL,0.0,0.0
Logan__IL,0.0,0.0
De_Witt__IL,0.0,0.0
Piatt__IL,0.0,0.0
Champaign__IL,0.0,0.0
Ford__IL,0.0,0.0
McLean__IL,0.0,0.0
Tazewell__IL,0.0,0.0
Woodford__IL,0.0,0.0
Peoria__IL,0.0,0.0
Fulton__IL,0.0,0.0
Warren__IL,0.0,0.0
Henderson__IL,0.0,0.0
Mercer__IL,0.0,0.0
Knox__IL,0.0,0.0
Stark__IL,0.0,0.0
Marshall__IL,0.0,0.0
Putnam__IL,0.0,0.0
Livingston__IL,0.0,0.0
Kankakee__IL,0.0,0.0
Grundy__IL,0.0,0.0
Will__IL,0.0,0.0
Kendall__IL,0.0,0.0
La_Salle__IL,0.0,0.0
Bureau__IL,0.0,0.0
Henry__IL,0.0,0.0
Rock_Island__IL,0.0,0.0
Lee__IL,0.0,0.0
Whiteside__IL,0.0,0.0
Carroll__IL,0.0,0.0
Ogle__IL,0.0,0.0
DeKalb__IL,0.0,0.0
Kane__IL,0.0,0.0
DuPage__IL,0.0,0.0
Cook__IL,0.0,0.0
Lake__IL,0.0,0.0
McHenry__IL,0.0,0.0
Boone__IL,0.0,0.0
Winnebago__IL,0.0,0.0
Stephenson__IL,0.0,0.0
Jo_Daviess__IL,0.0,0.0
Porter__IN,0.0,0.0
Lake__IN,0.0,0.0
Perry__IN,0.0,0.0
Spencer__IN,0.0,0.0
Warrick__IN,0.0,0.0
Vanderburgh__IN,0.0,0.0
Posey__IN,0.0,0.0
Gibson__IN,0.0,0.0
Pike__IN,0.0,0.0
Dubois__IN,0.0,0.0
Crawford__IN,0.0,0.0
Harrison__IN,0.0,0.0
Floyd__IN,0.0,0.0
Clark__IN,0.0,0.0
Ohio__IN,0.0,0.0
Switzerland__IN,0.0,0.0
Jefferson__IN,0.0,0.0
Scott__IN,0.0,0.0
Washington__IN,0.0,0.0
Orange__IN,0.0,0.0
Martin__IN,0.0,0.0
Daviess__IN,0.0,0.0
Knox__IN,0.0,0.0
Sullivan__IN,0.0,0.0
Greene__IN,0.0,0.0
Lawrence__IN,0.0,0.0
Jackson__IN,0.0,0.0
Jennings__IN,0.0,0.0
Ripley__IN,0.0,0.0
Dearborn__IN,0.0,0.0
Franklin__IN,0.0,0.0
Decatur__IN,0.0,0.0
Bartholomew__IN,0.0,0.0
Brown__IN,0.0,0.0
Monroe__IN,0.0,0.0
Owen__IN,0.0,0.0
Clay__IN,0.0,0.0
Vigo__IN,0.0,0.0
Vermillion__IN,0.0,0.0
Parke__IN,0.0,0.0
Putnam__IN,0.0,0.0
Morgan__IN,0.0,0.0
Johnson__IN,0.0,0.0
Shelby__IN,0.0,0.0
Rush__IN,0.0,0.0
Fayette__IN,0.0,0.0
Union__IN,0.0,0.0
Wayne__IN,0.0,0.0
Henry__IN,0.0,0.0
Hancock__IN,0.0,0.0
Marion__IN,0.0,0.0
Hendricks__IN,0.0,0.0
Boone__IN,0.0,0.0
Hamilton__IN,0.0,0.0
Randolph__IN,0.0,0.0
Delaware__IN,0.0,0.0
Madison__IN,0.0,0.0
Tipton__IN,0.0,0.0
Clinton__IN,0.0,0.0
Montgomery__IN,0.0,0.0
Fountain__IN,0.0,0.0
Jay__IN,0.0,0.0
Blackford__IN,0.0,0.0
Grant__IN,0.0,0.0
Howard__IN,0.0,0.0
Carroll__IN,0.0,0.0
Tippecanoe__IN,0.0,0.0
Warren__IN,0.0,0.0
Benton__IN,0.0,0.0
Adams__IN,0.0,0.0
Wells__IN,0.0,0.0
Huntington__IN,0.0,0.0
Wabash__IN,0.0,0.0
Miami__IN,0.0,0.0
Cass__IN,0.0,0.0
White__IN,0.0,0.0
Allen__IN,0.0,0.0
Whitley__IN,0.0,0.0
Fulton__IN,0.0,0.0
Pulaski__IN,0.0,0.0
DeKalb__IN,0.0,0.0
Noble__IN,0.0,0.0
Kosciusko__IN,0.0,0.0
Marshall__IN,0.0,0.0
Starke__IN,0.0,0.0
Jasper__IN,0.0,0.0
Newton__IN,0.0,0.0
Steuben__IN,0.0,0.0
LaGrange__IN,0.0,0.0
Elkhart__IN,0.0,0.0
St._Joseph__IN,0.0,0.0
LaPorte__IN,0.0,0.0
Doniphan__KS,0.0,0.0
Brown__KS,0.0,0.0
Stanton__KS,0.0,0.0
Morton__KS,0.0,0.0
Stevens__KS,0.0,0.0
Grant__KS,0.0,0.0
Haskell__KS,0.0,0.0
Seward__KS,0.0,0.0
Meade__KS,0.0,0.0
Gray__KS,0.0,0.0
Ford__KS,0.0,0.0
Clark__KS,0.0,0.0
Comanche__KS,0.0,0.0
Kiowa__KS,0.0,0.0
Edwards__KS,0.0,0.0
Pratt__KS,0.0,0.0
Barber__KS,0.0,0.0
Harper__KS,0.0,0.0
Kingman__KS,0.0,0.0
Reno__KS,0.0,0.0
Harvey__KS,0.0,0.0
Sedgwick__KS,0.0,0.0
Sumner__KS,0.0,0.0
Cowley__KS,0.0,0.0
Butler__KS,0.0,0.0
Chautauqua__KS,0.0,0.0
Elk__KS,0.0,0.0
Greenwood__KS,0.0,0.0
Montgomery__KS,0.0,0.0
Wilson__KS,0.0,0.0
Woodson__KS,0.0,0.0
Labette__KS,0.0,0.0
Neosho__KS,0.0,0.0
Allen__KS,0.0,0.0
Cherokee__KS,0.0,0.0
Crawford__KS,0.0,0.0
Bourbon__KS,0.0,0.0
Hamilton__KS,0.0,0.0
Greeley__KS,0.0,0.0
Wallace__KS,0.0,0.0
Sherman__KS,0.0,0.0
Cheyenne__KS,0.0,0.0
Stafford__KS,0.0,0.0
Kearny__KS,0.0,0.0
Finney__KS,0.0,0.0
Hodgeman__KS,0.0,0.0
Pawnee__KS,0.0,0.0
Coffey__KS,0.0,0.0
Anderson__KS,0.0,0.0
Linn__KS,0.0,0.0
Miami__KS,0.0,0.0
Franklin__KS,0.0,0.0
Osage__KS,0.0,0.0
Lyon__KS,0.0,0.0
Chase__KS,0.0,0.0
Morris__KS,0.0,0.0
Marion__KS,0.0,0.0
McPherson__KS,0.0,0.0
Rice__KS,0.0,0.0
Saline__KS,0.0,0.0
Ellsworth__KS,0.0,0.0
Barton__KS,0.0,0.0
Rush__KS,0.0,0.0
Ness__KS,0.0,0.0
Lane__KS,0.0,0.0
Scott__KS,0.0,0.0
Wichita__KS,0.0,0.0
Logan__KS,0.0,0.0
Gove__KS,0.0,0.0
Trego__KS,0.0,0.0
Ellis__KS,0.0,0.0
Russell__KS,0.0,0.0
Lincoln__KS,0.0,0.0
Ottawa__KS,0.0,0.0
Dickinson__KS,0.0,0.0
Geary__KS,0.0,0.0
Wabaunsee__KS,0.0,0.0
Shawnee__KS,0.0,0.0
Douglas__KS,0.0,0.0
Johnson__KS,0.0,0.0
Wyandotte__KS,0.0,0.0
Leavenworth__KS,0.0,0.0
Jefferson__KS,0.0,0.0
Atchison__KS,0.0,0.0
Jackson__KS,0.0,0.0
Pottawatomie__KS,0.0,0.0
Riley__KS,0.0,0.0
Clay__KS,0.0,0.0
Cloud__KS,0.0,0.0
Mitchell__KS,0.0,0.0
Osborne__KS,0.0,0.0
Rooks__KS,0.0,0.0
Graham__KS,0.0,0.0
Sheridan__KS,0.0,0.0
Thomas__KS,0.0,0.0
Rawlins__KS,0.0,0.0
Decatur__KS,0.0,0.0
Phillips__KS,0.0,0.0
Norton__KS,0.0,0.0
Smith__KS,0.0,0.0
Jewell__KS,0.0,0.0
Republic__KS,0.0,0.0
Washington__KS,0.0,0.0
Marshall__KS,0.0,0.0
Nemaha__KS,0.0,0.0
Hickman__KY,0.0,0.0
Fulton__KY,0.0,0.0
Bell__KY,0.0,0.0
Knox__KY,0.0,0.0
Whitley__KY,0.0,0.0
Laurel__KY,0.0,0.0
Clay__KY,0.0,0.0
Leslie__KY,0.0,0.0
Harlan__KY,0.0,0.0
Letcher__KY,0.0,0.0
Knott__KY,0.0,0.0
Perry__KY,0.0,0.0
Owsley__KY,0.0,0.0
Jackson__KY,0.0,0.0
Estill__KY,0.0,0.0
Lee__KY,0.0,0.0
Breathitt__KY,0.0,0.0
Floyd__KY,0.0,0.0
Johnson__KY,0.0,0.0
Magoffin__KY,0.0,0.0
Wolfe__KY,0.0,0.0
Powell__KY,0.0,0.0
Clark__KY,0.0,0.0
Montgomery__KY,0.0,0.0
Menifee__KY,0.0,0.0
Morgan__KY,0.0,0.0
Elliott__KY,0.0,0.0
Rowan__KY,0.0,0.0
Bath__KY,0.0,0.0
Nicholas__KY,0.0,0.0
Fleming__KY,0.0,0.0
Robertson__KY,0.0,0.0
Bracken__KY,0.0,0.0
Mason__KY,0.0,0.0
Lewis__KY,0.0,0.0
Boyd__KY,0.0,0.0
Greenup__KY,0.0,0.0
Carter__KY,0.0,0.0
Lawrence__KY,0.0,0.0
Martin__KY,0.0,0.0
Pike__KY,0.0,0.0
Harrison__KY,0.0,0.0
Bourbon__KY,0.0,0.0
Madison__KY,0.0,0.0
Rockcastle__KY,0.0,0.0
McCreary__KY,0.0,0.0
Lincoln__KY,0.0,0.0
Garrard__KY,0.0,0.0
Jessamine__KY,0.0,0.0
Fayette__KY,0.0,0.0
Woodford__KY,0.0,0.0
Scott__KY,0.0,0.0
Franklin__KY,0.0,0.0
Anderson__KY,0.0,0.0
Mercer__KY,0.0,0.0
Boyle__KY,0.0,0.0
Casey__KY,0.0,0.0
Pulaski__KY,0.0,0.0
Wayne__KY,0.0,0.0
Russell__KY,0.0,0.0
Clinton__KY,0.0,0.0
Cumberland__KY,0.0,0.0
Adair__KY,0.0,0.0
Taylor__KY,0.0,0.0
Marion__KY,0.0,0.0
Washington__KY,0.0,0.0
Spencer__KY,0.0,0.0
Shelby__KY,0.0,0.0
Henry__KY,0.0,0.0
Owen__KY,0.0,0.0
Grant__KY,0.0,0.0
Pendleton__KY,0.0,0.0
Campbell__KY,0.0,0.0
Kenton__KY,0.0,0.0
Boone__KY,0.0,0.0
Gallatin__KY,0.0,0.0
Carroll__KY,0.0,0.0
Trimble__KY,0.0,0.0
Oldham__KY,0.0,0.0
Jefferson__KY,0.0,0.0
Bullitt__KY,0.0,0.0
Nelson__KY,0.0,0.0
Larue__KY,0.0,0.0
Green__KY,0.0,0.0
Metcalfe__KY,0.0,0.0
Monroe__KY,0.0,0.0
Simpson__KY,0.0,0.0
Allen__KY,0.0,0.0
Barren__KY,0.0,0.0
Hart__KY,0.0,0.0
Hardin__KY,0.0,0.0
Meade__KY,0.0,0.0
Hancock__KY,0.0,0.0
Breckinridge__KY,0.0,0.0
Grayson__KY,0.0,0.0
Edmonson__KY,0.0,0.0
Warren__KY,0.0,0.0
Butler__KY,0.0,0.0
Logan__KY,0.0,0.0
Todd__KY,0.0,0.0
Muhlenberg__KY,0.0,0.0
Ohio__KY,0.0,0.0
Daviess__KY,0.0,0.0
McLean__KY,0.0,0.0
Hopkins__KY,0.0,0.0
Christian__KY,0.0,0.0
Trigg__KY,0.0,0.0
Lyon__KY,0.0,0.0
Caldwell__KY,0.0,0.0
Webster__KY,0.0,0.0
Henderson__KY,0.0,0.0
Union__KY,0.0,0.0
Crittenden__KY,0.0,0.0
Livingston__KY,0.0,0.0
Calloway__KY,0.0,0.0
Marshall__KY,0.0,0.0
Graves__KY,0.0,0.0
McCracken__KY,0.0,0.0
Carlisle__KY,0.0,0.0
Ballard__KY,0.0,0.0
St._Tammany__LA,0.0,0.0
Washington__LA,0.0,0.0
Red_River__LA,0.0,0.0
Bienville__LA,0.0,0.0
Lincoln__LA,0.0,0.0
Jackson__LA,0.0,0.0
Winn__LA,0.0,0.0
Caldwell__LA,0.0,0.0
Ouachita__LA,0.0,0.0
Richland__LA,0.0,0.0
Franklin__LA,0.0,0.0
Tensas__LA,0.0,0.0
Madison__LA,0.0,0.0
East_Carroll__LA,0.0,0.0
West_Carroll__LA,0.0,0.0
Morehouse__LA,0.0,0.0
Union__LA,0.0,0.0
Claiborne__LA,0.0,0.0
Webster__LA,0.0,0.0
Bossier__LA,0.0,0.0
Caddo__LA,0.0,0.0
De_Soto__LA,0.0,0.0
Sabine__LA,0.0,0.0
Natchitoches__LA,0.0,0.0
Grant__LA,0.0,0.0
La_Salle__LA,0.0,0.0
Catahoula__LA,0.0,0.0
Concordia__LA,0.0,0.0
Avoyelles__LA,0.0,0.0
Rapides__LA,0.0,0.0
Vernon__LA,0.0,0.0
Evangeline__LA,0.0,0.0
Allen__LA,0.0,0.0
Beauregard__LA,0.0,0.0
Jefferson_Davis__LA,0.0,0.0
Calcasieu__LA,0.0,0.0
Cameron__LA,0.0,0.0
Acadia__LA,0.0,0.0
St._Landry__LA,0.0,0.0
Pointe_Coupee__LA,0.0,0.0
West_Baton_Rouge__LA,0.0,0.0
Lafayette__LA,0.0,0.0
Vermilion__LA,0.0,0.0
Iberia__LA,0.0,0.0
Iberville__LA,0.0,0.0
Assumption__LA,0.0,0.0
St._Martin__LA,0.0,0.0
St._Mary__LA,0.0,0.0
Terrebonne__LA,0.0,0.0
Lafourche__LA,0.0,0.0
St._James__LA,0.0,0.0
Ascension__LA,0.0,0.0
East_Baton_Rouge__LA,0.0,0.0
East_Feliciana__LA,0.0,0.0
St._Helena__LA,0.0,0.0
Livingston__LA,0.0,0.0
St._John_the_Baptist__LA,0.0,0.0
St._Charles__LA,0.0,0.0
Tangipahoa__LA,0.0,0.0
Orleans__LA,0.0,0.0
St._Bernard__LA,0.0,0.0
Plaquemines__LA,0.0,0.0
West_Feliciana__LA,0.0,0.0
Jefferson__LA,0.0,0.0
Worcester__MA,0.0,0.0
Middlesex__MA,0.0,0.0
Nantucket__MA,0.0,0.0
Barnstable__MA,0.0,0.0
Suffolk__MA,0.0,0.0
Bristol__MA,0.0,0.0
Plymouth__MA,0.0,0.0
Norfolk__MA,0.0,0.0
Essex__MA,0.0,0.0
Hampden__MA,0.0,0.0
Hampshire__MA,0.0,0.0
Berkshire__MA,0.0,0.0
Franklin__MA,0.0,0.0
Dukes__MA,0.0,0.0
Allegany__MD,0.0,0.0
Garrett__MD,0.0,0.0
St._Mary_s__MD,0.0,0.0
Charles__MD,0.0,0.0
Worcester__MD,0.0,0.0
Wicomico__MD,0.0,0.0
Washington__MD,0.0,0.0
Calvert__MD,0.0,0.0
Talbot__MD,0.0,0.0
Caroline__MD,0.0,0.0
Kent__MD,0.0,0.0
Baltimore_City__MD,0.0,0.0
Prince_George_s__MD,0.0,0.0
Anne_Arundel__MD,0.0,0.0
Howard__MD,0.0,0.0
Montgomery__MD,0.0,0.0
Queen_Anne_s__MD,0.0,0.0
Cecil__MD,0.0,0.0
Harford__MD,0.0,0.0
Baltimore_County__MD,0.0,0.0
Carroll__MD,0.0,0.0
Frederick__MD,0.0,0.0
Somereset__MD,0.0,0.0
Dorchester__MD,0.0,0.0
Aroostook__ME,0.0,0.0
Piscataquis__ME,0.0,0.0
Knox__ME,0.0,0.0
Lincoln__ME,0.0,0.0
Sagadahoc__ME,0.0,0.0
Cumberland__ME,0.0,0.0
York__ME,0.0,0.0
Androscoggin__ME,0.0,0.0
Oxford__ME,0.0,0.0
Kennebec__ME,0.0,0.0
Waldo__ME,0.0,0.0
Hancock__ME,0.0,0.0
Washington__ME,0.0,0.0
Penobscot__ME,0.0,0.0
Franklin__ME,0.0,0.0
Somerset__ME,0.0,0.0
Gogebic__MI,0.0,0.0
Ontonagon__MI,0.0,0.0
Monroe__MI,0.0,0.0
Lenawee__MI,0.0,0.0
Hillsdale__MI,0.0,0.0
Branch__MI,0.0,0.0
St._Joseph__MI,0.0,0.0
Cass__MI,0.0,0.0
Berrien__MI,0.0,0.0
Wayne__MI,0.0,0.0
Washtenaw__MI,0.0,0.0
Jackson__MI,0.0,0.0
Calhoun__MI,0.0,0.0
Kalamazoo__MI,0.0,0.0
Van_Buren__MI,0.0,0.0
Allegan__MI,0.0,0.0
Barry__MI,0.0,0.0
Eaton__MI,0.0,0.0
Ingham__MI,0.0,0.0
Livingston__MI,0.0,0.0
Oakland__MI,0.0,0.0
Macomb__MI,0.0,0.0
St._Clair__MI,0.0,0.0
Lapeer__MI,0.0,0.0
Genesee__MI,0.0,0.0
Shiawassee__MI,0.0,0.0
Clinton__MI,0.0,0.0
Ionia__MI,0.0,0.0
Ottawa__MI,0.0,0.0
Muskegon__MI,0.0,0.0
Kent__MI,0.0,0.0
Montcalm__MI,0.0,0.0
Gratiot__MI,0.0,0.0
Saginaw__MI,0.0,0.0
Sanilac__MI,0.0,0.0
Tuscola__MI,0.0,0.0
Huron__MI,0.0,0.0
Bay__MI,0.0,0.0
Midland__MI,0.0,0.0
Isabella__MI,0.0,0.0
Mecosta__MI,0.0,0.0
Newaygo__MI,0.0,0.0
Oceana__MI,0.0,0.0
Arenac__MI,0.0,0.0
Gladwin__MI,0.0,0.0
Clare__MI,0.0,0.0
Osceola__MI,0.0,0.0
Lake__MI,0.0,0.0
Mason__MI,0.0,0.0
Iosco__MI,0.0,0.0
Ogemaw__MI,0.0,0.0
Roscommon__MI,0.0,0.0
Missaukee__MI,0.0,0.0
Wexford__MI,0.0,0.0
Manistee__MI,0.0,0.0
Alcona__MI,0.0,0.0
Oscoda__MI,0.0,0.0
Crawford__MI,0.0,0.0
Kalkaska__MI,0.0,0.0
Grand_Treverse__MI,0.0,0.0
Benzie__MI,0.0,0.0
Leelanau__MI,0.0,0.0
Alpena__MI,0.0,0.0
Montmorency__MI,0.0,0.0
Otsego__MI,0.0,0.0
Antrim__MI,0.0,0.0
Charlevoix__MI,0.0,0.0
Presque_Isle__MI,0.0,0.0
Cheboygan__MI,0.0,0.0
Emmet__MI,0.0,0.0
Mackinac__MI,0.0,0.0
Chippewa__MI,0.0,0.0
Luce__MI,0.0,0.0
Schoolcraft__MI,0.0,0.0
Alger__MI,0.0,0.0
Delta__MI,0.0,0.0
Menominee__MI,0.0,0.0
Dickinson__MI,0.0,0.0
Marquette__MI,0.0,0.0
Iron__MI,0.0,0.0
Keweenaw__MI,0.0,0.0
Houghton__MI,0.0,0.0
Baraga__MI,0.0,0.0
Houston__MN,0.0,0.0
Fillmore__MN,0.0,0.0
Koochiching__MN,0.0,0.0
Lake_of_the_Woods__MN,0.0,0.0
Roseau__MN,0.0,0.0
Kittson__MN,0.0,0.0
Red_Lake__MN,0.0,0.0
Pennington__MN,0.0,0.0
Marshall__MN,0.0,0.0
Polk__MN,0.0,0.0
Norman__MN,0.0,0.0
Mahnomen__MN,0.0,0.0
Clearwater__MN,0.0,0.0
Beltrami__MN,0.0,0.0
Cook__MN,0.0,0.0
Lake__MN,0.0,0.0
Itasca__MN,0.0,0.0
Hubbard__MN,0.0,0.0
Cass__MN,0.0,0.0
Wadena__MN,0.0,0.0
Becker__MN,0.0,0.0
Clay__MN,0.0,0.0
Wilkin__MN,0.0,0.0
Otter_Tail__MN,0.0,0.0
St._Louis__MN,0.0,0.0
Carlton__MN,0.0,0.0
Pine__MN,0.0,0.0
Kanabec__MN,0.0,0.0
Aitkin__MN,0.0,0.0
Crow_Wing__MN,0.0,0.0
Morrison__MN,0.0,0.0
Todd__MN,0.0,0.0
Douglas__MN,0.0,0.0
Grant__MN,0.0,0.0
Traverse__MN,0.0,0.0
Big_Stone__MN,0.0,0.0
Swift__MN,0.0,0.0
Stevens__MN,0.0,0.0
Pope__MN,0.0,0.0
Stearns__MN,0.0,0.0
Benton__MN,0.0,0.0
Mille_Lacs__MN,0.0,0.0
Isanti__MN,0.0,0.0
Chisago__MN,0.0,0.0
Ramsey__MN,0.0,0.0
Anoka__MN,0.0,0.0
Sherburne__MN,0.0,0.0
Wright__MN,0.0,0.0
Meeker__MN,0.0,0.0
Kandiyohi__MN,0.0,0.0
Chippewa__MN,0.0,0.0
Washington__MN,0.0,0.0
Dakota__MN,0.0,0.0
Hennepin__MN,0.0,0.0
Scott__MN,0.0,0.0
Carver__MN,0.0,0.0
McLeod__MN,0.0,0.0
Sibley__MN,0.0,0.0
Renville__MN,0.0,0.0
Lac_qui_Parle__MN,0.0,0.0
Yellow_Medicine__MN,0.0,0.0
Lincoln__MN,0.0,0.0
Lyon__MN,0.0,0.0
Redwood__MN,0.0,0.0
Brown__MN,0.0,0.0
Nicollet__MN,0.0,0.0
Le_Sueur__MN,0.0,0.0
Rice__MN,0.0,0.0
Goodhue__MN,0.0,0.0
Wabasha__MN,0.0,0.0
Winona__MN,0.0,0.0
Olmsted__MN,0.0,0.0
Dodge__MN,0.0,0.0
Steele__MN,0.0,0.0
Waseca__MN,0.0,0.0
Blue_Earth__MN,0.0,0.0
Watonwan__MN,0.0,0.0
Cottonwood__MN,0.0,0.0
Murray__MN,0.0,0.0
Pipestone__MN,0.0,0.0
Rock__MN,0.0,0.0
Nobles__MN,0.0,0.0
Jackson__MN,0.0,0.0
Martin__MN,0.0,0.0
Faribault__MN,0.0,0.0
Freeborn__MN,0.0,0.0
Mower__MN,0.0,0.0
New_Madrid__MO,0.0,0.0
Pemiscot__MO,0.0,0.0
Atchison__MO,0.0,0.0
Holt__MO,0.0,0.0
Platte__MO,0.0,0.0
Buchanan__MO,0.0,0.0
Andrew__MO,0.0,0.0
Nodaway__MO,0.0,0.0
Worth__NO,0.0,0.0
Gentry__MO,0.0,0.0
DeKalb__MO,0.0,0.0
Clinton__MO,0.0,0.0
Clay__MO,0.0,0.0
Caldwell__MO,0.0,0.0
Daviess__MO,0.0,0.0
Harrison__MO,0.0,0.0
Mercer__MO,0.0,0.0
Grundy__MO,0.0,0.0
Livingston__MO,0.0,0.0
Carroll__MO,0.0,0.0
Ray__MO,0.0,0.0
Lafayette__MO,0.0,0.0
Jackson__MO,0.0,0.0
Johnson__MO,0.0,0.0
Henry__MO,0.0,0.0
Cass__MO,0.0,0.0
St._Clair__MO,0.0,0.0
Bates__MO,0.0,0.0
Cedar__MO,0.0,0.0
Vernon__MO,0.0,0.0
Dade__MO,0.0,0.0
Barton__MO,0.0,0.0
Jasper__MO,0.0,0.0
Newton__MO,0.0,0.0
McDonald__MO,0.0,0.0
Lawrence__MO,0.0,0.0
Barry__MO,0.0,0.0
Polk__MO,0.0,0.0
Stone__MO,0.0,0.0
Greene__MO,0.0,0.0
Taney__MO,0.0,0.0
Christian__MO,0.0,0.0
Webster__MO,0.0,0.0
Dallas__MO,0.0,0.0
Hickory__MO,0.0,0.0
Benton__MO,0.0,0.0
Pettis__MO,0.0,0.0
Saline__MO,0.0,0.0
Chariton__MO,0.0,0.0
Linn__MO,0.0,0.0
Sullivan__MO,0.0,0.0
Putnam__MO,0.0,0.0
Schuyler__MO,0.0,0.0
Adair__MO,0.0,0.0
Macon__MO,0.0,0.0
Randolph__MO,0.0,0.0
Howard__MO,0.0,0.0
Cooper__MO,0.0,0.0
Boone__MO,0.0,0.0
Cole__MO,0.0,0.0
Moniteau__MO,0.0,0.0
Morgan__MO,0.0,0.0
Miller__MO,0.0,0.0
Camden__MO,0.0,0.0
Pulaski__MO,0.0,0.0
Laclede__MO,0.0,0.0
Wright__MO,0.0,0.0
Douglas__MO,0.0,0.0
Ozark__MO,0.0,0.0
Howell__MO,0.0,0.0
Texas__MO,0.0,0.0
Phelps__MO,0.0,0.0
Maries__MO,0.0,0.0
Osage__MO,0.0,0.0
Callaway__MO,0.0,0.0
Monroe__MO,0.0,0.0
Shelby__MO,0.0,0.0
Knox__MO,0.0,0.0
Scotland__MO,0.0,0.0
Clark__MO,0.0,0.0
Lewis__MO,0.0,0.0
Marion__MO,0.0,0.0
Ralls__MO,0.0,0.0
Audrain__MO,0.0,0.0
Montgomery__MO,0.0,0.0
Pike__MO,0.0,0.0
Lincoln__MO,0.0,0.0
Warren__MO,0.0,0.0
Gasconage__MO,0.0,0.0
Crawford__MO,0.0,0.0
Dent__MO,0.0,0.0
Shannon__MO,0.0,0.0
Oregon__MO,0.0,0.0
Ripley__MO,0.0,0.0
Carter__MO,0.0,0.0
Reynolds__MO,0.0,0.0
Iron__MO,0.0,0.0
Washington__MO,0.0,0.0
Franklin__MO,0.0,0.0
St._Louis__MO,0.0,0.0
St._Charles__MO,0.0,0.0
St._Louis_Co.__MO,0.0,0.0
Jefferson__MO,0.0,0.0
St._Francois__MO,0.0,0.0
Sainte_Genevieve__MO,0.0,0.0
Madison__MO,0.0,0.0
Wayne__MO,0.0,0.0
Butler__MO,0.0,0.0
Dunklin__MO,0.0,0.0
Stoddard__MO,0.0,0.0
Bollinger__MO,0.0,0.0
Perry__MO,0.0,0.0
Cape_Girardeau__MO,0.0,0.0
Scott__MO,0.0,0.0
Mississippi__MO,0.0,0.0
Harrison__MS,0.0,0.0
Jackson__MS,0.0,0.0
Grenada__MS,0.0,0.0
Yalobusha__MS,0.0,0.0
Clay__MS,0.0,0.0
Webster__MS,0.0,0.0
Chickasaw__MS,0.0,0.0
Calhoun__MS,0.0,0.0
Pontotoc__MS,0.0,0.0
Lee__MS,0.0,0.0
Union__MS,0.0,0.0
Lafayette__MS,0.0,0.0
Tate__MS,0.0,0.0
Panola__MS,0.0,0.0
Quitman__MS,0.0,0.0
Tallahatchie__MS,0.0,0.0
Leflore__MS,0.0,0.0
Sunflower__MS,0.0,0.0
Humphreys__MS,0.0,0.0
Holmes__MS,0.0,0.0
Carroll__MS,0.0,0.0
Montgomery__MS,0.0,0.0
Choctaw__MS,0.0,0.0
Oktibbeha__MS,0.0,0.0
Lowndes__MS,0.0,0.0
Monroe__MS,0.0,0.0
Itawamba__MS,0.0,0.0
Prentiss__MS,0.0,0.0
Tishomingo__MS,0.0,0.0
Alcorn__MS,0.0,0.0
Tippah__MS,0.0,0.0
Benton__MS,0.0,0.0
Marshall__MS,0.0,0.0
DeSoto__MS,0.0,0.0
Tunica__MS,0.0,0.0
Coahoma__MS,0.0,0.0
Bolivar__MS,0.0,0.0
Washington__MS,0.0,0.0
Sharkey__MS,0.0,0.0
Issaquena__MS,0.0,0.0
Yazoo__MS,0.0,0.0
Attala__MS,0.0,0.0
Winston__MS,0.0,0.0
Noxubee__MS,0.0,0.0
Kemper__MS,0.0,0.0
Neshoba__MS,0.0,0.0
Leake__MS,0.0,0.0
Madison__MS,0.0,0.0
Rankin__MS,0.0,0.0
Hinds__MS,0.0,0.0
Warren__MS,0.0,0.0
Jefferson__MS,0.0,0.0
Claiborne__MS,0.0,0.0
Copiah__MS,0.0,0.0
Simpson__MS,0.0,0.0
Smith__MS,0.0,0.0
Scott__MS,0.0,0.0
Newton__MS,0.0,0.0
Lauderdale__MS,0.0,0.0
Clarke__MS,0.0,0.0
Jasper__MS,0.0,0.0
Jones__MS,0.0,0.0
Covington__MS,0.0,0.0
Jefferson_Davis__MS,0.0,0.0
Lawrence__MS,0.0,0.0
Lincoln__MS,0.0,0.0
Franklin__MS,0.0,0.0
Adams__MS,0.0,0.0
Wilkinson__MS,0.0,0.0
Amite__MS,0.0,0.0
Pike__MS,0.0,0.0
Walthall__MS,0.0,0.0
Marion__MS,0.0,0.0
Lamar__MS,0.0,0.0
Forrest__MS,0.0,0.0
Wayne__MS,0.0,0.0
Greene__MS,0.0,0.0
Perry__MS,0.0,0.0
Stone__MS,0.0,0.0
Pearl_River__MS,0.0,0.0
Hancock__MS,0.0,0.0
George__MS,0.0,0.0
Sheridan__MT,0.0,0.0
Roosevelt__MT,0.0,0.0
Gallatin__MT,0.0,0.0
Madison__MT,0.0,0.0
Broadwater__MT,0.0,0.0
Jefferson__MT,0.0,0.0
Silver_Bow__MT,0.0,0.0
Deer_Lodge__MT,0.0,0.0
Beaverhead__MT,0.0,0.0
Ravalli__MT,0.0,0.0
Granite__MT,0.0,0.0
Lewis_and_Clark__MT,0.0,0.0
Powell__MT,0.0,0.0
Lake__MT,0.0,0.0
Missoula__MT,0.0,0.0
Mineral__MT,0.0,0.0
Sanders__MT,0.0,0.0
Lincoln__MT,0.0,0.0
Flathead__MT,0.0,0.0
Glacier__MT,0.0,0.0
Liberty__MT,0.0,0.0
Toole__MT,0.0,0.0
Pondera__MT,0.0,0.0
Teton__MT,0.0,0.0
Cascade__MT,0.0,0.0
Meagher__MT,0.0,0.0
Park__MT,0.0,0.0
Hill__MT,0.0,0.0
Chouteau__MT,0.0,0.0
Judith_Basin__MT,0.0,0.0
Wheatland__MT,0.0,0.0
Sweet_Grass__MT,0.0,0.0
Carbon__MT,0.0,0.0
Stillwater__MT,0.0,0.0
Golden_Valley__MT,0.0,0.0
Fergus__MT,0.0,0.0
Blaine__MT,0.0,0.0
Phillips__MT,0.0,0.0
Petroleum__MT,0.0,0.0
Musselshell__MT,0.0,0.0
Yellowstone__MT,0.0,0.0
Big_Horn__MT,0.0,0.0
Treasure__MT,0.0,0.0
Rosebud__MT,0.0,0.0
Garfield__MT,0.0,0.0
Daniels__MT,0.0,0.0
Valley__MT,0.0,0.0
McCone__MT,0.0,0.0
Prairie__MT,0.0,0.0
Powder_River__MT,0.0,0.0
Custer__MT,0.0,0.0
Carter__MT,0.0,0.0
Fallon__MT,0.0,0.0
Wibaux__MT,0.0,0.0
Dawson__MT,0.0,0.0
Richland__MT,0.0,0.0
Clay__NC,0.0,0.0
Macon__NC,0.0,0.0
Transylvania__NC,0.0,0.0
Jackson__NC,0.0,0.0
Haywood__NC,0.0,0.0
Swain__NC,0.0,0.0
Graham__NC,0.0,0.0
Cherokee__NC,0.0,0.0
Mitchell__NC,0.0,0.0
Yancey__NC,0.0,0.0
Madison__NC,0.0,0.0
Buncombe__NC,0.0,0.0
Henderson__NC,0.0,0.0
Polk__NC,0.0,0.0
Rutherford__NC,0.0,0.0
McDowell__NC,0.0,0.0
Avery__NC,0.0,0.0
Watauga__NC,0.0,0.0
Alexander__NC,0.0,0.0
Ashe__NC,0.0,0.0
Alleghany__NC,0.0,0.0
Wilkes__NC,0.0,0.0
Caldwell__NC,0.0,0.0
Burke__NC,0.0,0.0
Cleveland__NC,0.0,0.0
Gaston__NC,0.0,0.0
Lincoln__NC,0.0,0.0
Catawba__NC,0.0,0.0
Iredell__NC,0.0,0.0
Mecklenburg__NC,0.0,0.0
Rowan__NC,0.0,0.0
Davie__NC,0.0,0.0
Yadkin__NC,0.0,0.0
Surry__NC,0.0,0.0
Stokes__NC,0.0,0.0
Forsyth__NC,0.0,0.0
Davidson__NC,0.0,0.0
Stanly__NC,0.0,0.0
Cabarrus__NC,0.0,0.0
Union__NC,0.0,0.0
Anson__NC,0.0,0.0
Rockingham__NC,0.0,0.0
Guilford__NC,0.0,0.0
Randolph__NC,0.0,0.0
Montgomery__NC,0.0,0.0
Richmond__NC,0.0,0.0
Scotland__NC,0.0,0.0
Caswell__NC,0.0,0.0
Alamance__NC,0.0,0.0
Moore__NC,0.0,0.0
Hoke__NC,0.0,0.0
Robeson__NC,0.0,0.0
Columbus__NC,0.0,0.0
Brunswick__NC,0.0,0.0
New_Hanover__NC,0.0,0.0
Bladen__NC,0.0,0.0
Cumberland__NC,0.0,0.0
Chatham__NC,0.0,0.0
Harnett__NC,0.0,0.0
Lee__NC,0.0,0.0
Orange__NC,0.0,0.0
Person__NC,0.0,0.0
Durham__NC,0.0,0.0
Pender__NC,0.0,0.0
Sampson__NC,0.0,0.0
Wayne__NC,0.0,0.0
Johnston__NC,0.0,0.0
Wake__NC,0.0,0.0
Granville__NC,0.0,0.0
Vance__NC,0.0,0.0
Warren__NC,0.0,0.0
Franklin__NC,0.0,0.0
Nash__NC,0.0,0.0
Northampton__NC,0.0,0.0
Halifax__NC,0.0,0.0
Edgecombe__NC,0.0,0.0
Wilson__NC,0.0,0.0
Greene__NC,0.0,0.0
Lenoir__NC,0.0,0.0
Jones__NC,0.0,0.0
Duplin__NC,0.0,0.0
Onslow__NC,0.0,0.0
Carteret__NC,0.0,0.0
Pamlico__NC,0.0,0.0
Craven__NC,0.0,0.0
Pitt__NC,0.0,0.0
Martin__NC,0.0,0.0
Chowan__NC,0.0,0.0
Hertford__NC,0.0,0.0
Bertie__NC,0.0,0.0
Gates__NC,0.0,0.0
Camden__NC,0.0,0.0
Pasquotank__NC,0.0,0.0
Perquimans__NC,0.0,0.0
Beaufort__NC,0.0,0.0
Washington__NC,0.0,0.0
Tyrrell__NC,0.0,0.0
Currituck__NC,0.0,0.0
Dare__NC,0.0,0.0
Hyde__NC,0.0,0.0
Cass__ND,0.0,0.0
Richland__ND,0.0,0.0
Burke__ND,0.0,0.0
Divide__ND,0.0,0.0
Williams__ND,0.0,0.0
Mountrail__ND,0.0,0.0
McKenzie__ND,0.0,0.0
Dunn__ND,0.0,0.0
Stark__ND,0.0,0.0
Golden_Valley__ND,0.0,0.0
Billings__ND,0.0,0.0
Bowman__ND,0.0,0.0
Slope__ND,0.0,0.0
Hettinger__ND,0.0,0.0
Adams__ND,0.0,0.0
Mercer__ND,0.0,0.0
Grant__ND,0.0,0.0
Sioux__ND,0.0,0.0
Morton__ND,0.0,0.0
Oliver__ND,0.0,0.0
Renville__ND,0.0,0.0
Ward__ND,0.0,0.0
McLean__ND,0.0,0.0
Bottineau__ND,0.0,0.0
McHenry__ND,0.0,0.0
Sheridan__ND,0.0,0.0
Burleigh__ND,0.0,0.0
Emmons__ND,0.0,0.0
McIntosh__ND,0.0,0.0
Logan__ND,0.0,0.0
Kidder__ND,0.0,0.0
Wells__ND,0.0,0.0
Pierce__ND,0.0,0.0
Rolette__ND,0.0,0.0
Towner__ND,0.0,0.0
Benson__ND,0.0,0.0
Eddy__ND,0.0,0.0
Foster__ND,0.0,0.0
Stutsman__ND,0.0,0.0
LaMoure__ND,0.0,0.0
Dickey__ND,0.0,0.0
Sargent__ND,0.0,0.0
Ransom__ND,0.0,0.0
Barnes__ND,0.0,0.0
Griggs__ND,0.0,0.0
Steele__ND,0.0,0.0
Nelson__ND,0.0,0.0
Ramsey__ND,0.0,0.0
Cavalier__ND,0.0,0.0
Pembina__ND,0.0,0.0
Walsh__ND,0.0,0.0
Grand_Forks__ND,0.0,0.0
Traill__ND,0.0,0.0
Dawes__NE,0.0,0.0
Sioux__NE,0.0,0.0
Richardson__NE,0.0,0.0
Pawnee__NE,0.0,0.0
Nemaha__NE,0.0,0.0
Johnson__NE,0.0,0.0
Otoe__NE,0.0,0.0
Cass__NE,0.0,0.0
Sarpy__NE,0.0,0.0
Douglas__NE,0.0,0.0
Washington__NE,0.0,0.0
Burt__NE,0.0,0.0
Thurston__NE,0.0,0.0
Dakota__NE,0.0,0.0
Dixon__NE,0.0,0.0
Wayne__NE,0.0,0.0
Pierce__NE,0.0,0.0
Cedar__NE,0.0,0.0
Knox__NE,0.0,0.0
Dodge__NE,0.0,0.0
Colfax__NE,0.0,0.0
Cuming__NE,0.0,0.0
Stanton__NE,0.0,0.0
Madison__NE,0.0,0.0
Antelope__NE,0.0,0.0
Boone__NE,0.0,0.0
Platte__NE,0.0,0.0
Saunders__NE,0.0,0.0
Seward__NE,0.0,0.0
Butler__NE,0.0,0.0
Polk__NE,0.0,0.0
York__NE,0.0,0.0
Hamilton__NE,0.0,0.0
Nance__NE,0.0,0.0
Merrick__NE,0.0,0.0
Hall__NE,0.0,0.0
Howard__NE,0.0,0.0
Sherman__NE,0.0,0.0
Boyd__NE,0.0,0.0
Holt__NE,0.0,0.0
Valley__NE,0.0,0.0
Greeley__NE,0.0,0.0
Wheeler__NE,0.0,0.0
Garfield__NE,0.0,0.0
Loup__NE,0.0,0.0
Rock__NE,0.0,0.0
Keya_Paha__NE,0.0,0.0
Brown__NE,0.0,0.0
Blaine__NE,0.0,0.0
Custer__NE,0.0,0.0
Buffalo__NE,0.0,0.0
Dawson__NE,0.0,0.0
Phelps__NE,0.0,0.0
Kearney__NE,0.0,0.0
Adams__NE,0.0,0.0
Clay__NE,0.0,0.0
Fillmore__NE,0.0,0.0
Saline__NE,0.0,0.0
Lancaster__NE,0.0,0.0
Gage__NE,0.0,0.0
Jefferson__NE,0.0,0.0
Thayer__NE,0.0,0.0
Nuckolls__NE,0.0,0.0
Webster__NE,0.0,0.0
Franklin__NE,0.0,0.0
Harlan__NE,0.0,0.0
Gosper__NE,0.0,0.0
Furnas__NE,0.0,0.0
Red_Willow__NE,0.0,0.0
Hitchcock__NE,0.0,0.0
Dundy__NE,0.0,0.0
Frontier__NE,0.0,0.0
Hayes__NE,0.0,0.0
Chase__NE,0.0,0.0
Perkins__NE,0.0,0.0
Lincoln__NE,0.0,0.0
Keith__NE,0.0,0.0
Logan__NE,0.0,0.0
McPherson__NE,0.0,0.0
Arthur__NE,0.0,0.0
Thomas__NE,0.0,0.0
Hooker__NE,0.0,0.0
Grant__NE,0.0,0.0
Deuel__NE,0.0,0.0
Garden__NE,0.0,0.0
Cheyenne__NE,0.0,0.0
Morrill__NE,0.0,0.0
Kimball__NE,0.0,0.0
Banner__NE,0.0,0.0
Scotts_Bluff__NE,0.0,0.0
Box_Butte__NE,0.0,0.0
Cherry__NE,0.0,0.0
Sheridan__NE,0.0,0.0
Coos__NH,0.0,0.0
Grafton__NH,0.0,0.0
Strafford__NH,0.0,0.0
Rockingham__NH,0.0,0.0
Cheshire__NH,0.0,0.0
Sullivan__NH,0.0,0.0
Hillsborough__NH,0.0,0.0
Belknap__NH,0.0,0.0
Merrimack__NH,0.0,0.0
Carroll__NH,0.0,0.0
Monmouth__NJ,0.0,0.0
Ocean__NJ,0.0,0.0
Richmond__NY,0.0,0.0
Essex__NJ,0.0,0.0
Union__NJ,0.0,0.0
Hudson__NJ,0.0,0.0
Bergen__NJ,0.0,0.0
Middlesex__NJ,0.0,0.0
Somerset__NJ,0.0,0.0
Morris__NJ,0.0,0.0
Passaic__NJ,0.0,0.0
Sussex__NJ,0.0,0.0
Warren__NJ,0.0,0.0
Hunterdon__NJ,0.0,0.0
Mercer__NJ,0.0,0.0
Camden__NJ,0.0,0.0
Gloucester__NJ,0.0,0.0
Salem__NJ,0.0,0.0
Cumberland__NJ,0.0,0.0
Cape_May__NJ,0.0,0.0
Atlantic__NJ,0.0,0.0
Burlington__NJ,0.0,0.0
Lea__NM,0.0,0.0
Eddy__NM,0.0,0.0
Los_Alamos__NM,0.0,0.0
Rio_Arriba__NM,0.0,0.0
San_Juan__NM,0.0,0.0
McKinely__NM,0.0,0.0
Bernalillo__NM,0.0,0.0
Valencia__NM,0.0,0.0
Cibola__NM,0.0,0.0
Sierra__NM,0.0,0.0
Socorro__NM,0.0,0.0
Catron__NM,0.0,0.0
Grant__NM,0.0,0.0
Hidalgo__NM,0.0,0.0
Luna__NM,0.0,0.0
Dona_Ana__NM,0.0,0.0
Taos__NM,0.0,0.0
Santa_Fe__NM,0.0,0.0
Otero__NM,0.0,0.0
Torrance__NM,0.0,0.0
Lincoln__NM,0.0,0.0
Colfax__NM,0.0,0.0
Mora__NM,0.0,0.0
Union__NM,0.0,0.0
Harding__NM,0.0,0.0
San_Miguel__NM,0.0,0.0
Quay__NM,0.0,0.0
Guadelupe__NM,0.0,0.0
De_Baca__NM,0.0,0.0
Curry__NM,0.0,0.0
Roosevelt__NM,0.0,0.0
Chaves__NM,0.0,0.0
Sandoval__NM,0.0,0.0
Elko__NV,0.0,0.0
White_Pine__NV,0.0,0.0
Clark__NV,0.0,0.0
Lincoln__NV,0.0,0.0
Esmeralda__NV,0.0,0.0
Nye__NV,0.0,0.0
Eureka__NV,0.0,0.0
Lander__NV,0.0,0.0
Mineral__NV,0.0,0.0
Douglas__NV,0.0,0.0
Carson_City__NV,0.0,0.0
Lyon_NV,0.0,0.0
Churchill__NV,0.0,0.0
Pershing__NV,0.0,0.0
Storey__NV,0.0,0.0
Washoe__NV,0.0,0.0
Humboldt__NV,0.0,0.0
Clinton__NY,0.0,0.0
Essex__NY,0.0,0.0
Orleans__NY,0.0,0.0
Genesee__NY,0.0,0.0
Wyoming__NY,0.0,0.0
Livingston__NY,0.0,0.0
Schenectady__NY,0.0,0.0
Montgomery__NY,0.0,0.0
Fulton__NY,0.0,0.0
Seneca__NY,0.0,0.0
Ontario__NY,0.0,0.0
Yates__NY,0.0,0.0
Schuyler__NY,0.0,0.0
Tompkins__NY,0.0,0.0
Cayuga__NY,0.0,0.0
Onodaga__NY,0.0,0.0
Cortland__NY,0.0,0.0
Chenango__NY,0.0,0.0
Madison__NY,0.0,0.0
Oneida__NY,0.0,0.0
Lewis__NY,0.0,0.0
Herkimer__NY,0.0,0.0
Otsego__NY,0.0,0.0
Schoharie__NY,0.0,0.0
Albany__NY,0.0,0.0
Saratoga__NY,0.0,0.0
Warren__NY,0.0,0.0
Hamilton__NY,0.0,0.0
Franklin__NY,0.0,0.0
St._Lawrence__NY,0.0,0.0
Jefferson__NY,0.0,0.0
Oswego__NY,0.0,0.0
Wayne__NY,0.0,0.0
Monroe__NY,0.0,0.0
Niagara__NY,0.0,0.0
Erie__NY,0.0,0.0
Chautauqua__NY,0.0,0.0
Cattaraugus__NY,0.0,0.0
Allegany__NY,0.0,0.0
Steuben__NY,0.0,0.0
Chemung__NY,0.0,0.0
Tioga__NY,0.0,0.0
Broome__NY,0.0,0.0
Delaware__NY,0.0,0.0
Sullivan__NY,0.0,0.0
Greene__NY,0.0,0.0
New_York__NY,0.0,0.0
Ulster__NY,0.0,0.0
Bronx__NY,0.0,0.0
Kings__NY,0.0,0.0
Rockland__NY,0.0,0.0
Nassau__NY,0.0,0.0
Orange__NY,0.0,0.0
Queens__NY,0.0,0.0
Suffolk__NY,0.0,0.0
Westchester__NY,0.0,0.0
Putnam__NY,0.0,0.0
Dutchess__NY,0.0,0.0
Columbia__NY,0.0,0.0
Rensselaer__NY,0.0,0.0
Washington__NY,0.0,0.0
Trumbull__OH,0.0,0.0
Ashtabula__OH,0.0,0.0
Lawrence__OH,0.0,0.0
Scioto__OH,0.0,0.0
Adams__OH,0.0,0.0
Pike__OH,0.0,0.0
Jackson__OH,0.0,0.0
Gallia__OH,0.0,0.0
Meigs__OH,0.0,0.0
Vinton__OH,0.0,0.0
Washington__OH,0.0,0.0
Athens__OH,0.0,0.0
Hocking__OH,0.0,0.0
Ross__OH,0.0,0.0
Highland__OH,0.0,0.0
Brown__OH,0.0,0.0
Clermont__OH,0.0,0.0
Hamilton__OH,0.0,0.0
Clinton__OH,0.0,0.0
Warren__OH,0.0,0.0
Butler__OH,0.0,0.0
Preble__OH,0.0,0.0
Montgomery__OH,0.0,0.0
Greene__OH,0.0,0.0
Fayette__OH,0.0,0.0
Pickaway__OH,0.0,0.0
Fairfield__OH,0.0,0.0
Perry__OH,0.0,0.0
Monroe__OH,0.0,0.0
Noble__OH,0.0,0.0
Morgan__OH,0.0,0.0
Muskingum__OH,0.0,0.0
Belmont__OH,0.0,0.0
Harrison__OH,0.0,0.0
Guernsey__OH,0.0,0.0
Coshocton__OH,0.0,0.0
Licking__OH,0.0,0.0
Delaware__OH,0.0,0.0
Franklin__OH,0.0,0.0
Madison__OH,0.0,0.0
Clark__OH,0.0,0.0
Champaign__OH,0.0,0.0
Miami__OH,0.0,0.0
Shelby__OH,0.0,0.0
Darke__OH,0.0,0.0
Mercer__OH,0.0,0.0
Auglaize__OH,0.0,0.0
Logan__OH,0.0,0.0
Union__OH,0.0,0.0
Marion__OH,0.0,0.0
Morrow__OH,0.0,0.0
Knox__OH,0.0,0.0
Holmes__OH,0.0,0.0
Tuscarawas__OH,0.0,0.0
Carroll__OH,0.0,0.0
Jefferson__OH,0.0,0.0
Columbiana__OH,0.0,0.0
Stark__OH,0.0,0.0
Wayne__OH,0.0,0.0
Ashland__OH,0.0,0.0
Richland__OH,0.0,0.0
Crawford__OH,0.0,0.0
Wyandot__OH,0.0,0.0
Hardin__OH,0.0,0.0
Allen__OH,0.0,0.0
Hancock__OH,0.0,0.0
Putnam__OH,0.0,0.0
Van_Wert__OH,0.0,0.0
Mahoning__OH,0.0,0.0
Portage__OH,0.0,0.0
Summit__OH,0.0,0.0
Medina__OH,0.0,0.0
Huron__OH,0.0,0.0
Seneca__OH,0.0,0.0
Sandusky__OH,0.0,0.0
Wood__OH,0.0,0.0
Henry__OH,0.0,0.0
Paulding__OH,0.0,0.0
Defiance__OH,0.0,0.0
Geauga__OH,0.0,0.0
Lake__OH,0.0,0.0
Cuyahoga__OH,0.0,0.0
Lorain__OH,0.0,0.0
Erie__OH,0.0,0.0
Ottawa__OH,0.0,0.0
Lucas__OH,0.0,0.0
Fulton__OH,0.0,0.0
Williams__OH,0.0,0.0
Texas__OK,0.0,0.0
Cimarron__OK,0.0,0.0
Ottawa__OK,0.0,0.0
Craig__OK,0.0,0.0
Mayes__OK,0.0,0.0
Delaware__OK,0.0,0.0
Adair__OK,0.0,0.0
Cherokee__OK,0.0,0.0
Sequoyah__OK,0.0,0.0
Haskell__OK,0.0,0.0
Le_Flore__OK,0.0,0.0
Latimer__OK,0.0,0.0
Pittsburg__OK,0.0,0.0
Coal__OK,0.0,0.0
Atoka__OK,0.0,0.0
Pushmataha__OK,0.0,0.0
McCurtain__OK,0.0,0.0
Choctaw__OK,0.0,0.0
Bryan__OK,0.0,0.0
Marshall__OK,0.0,0.0
Johnston__OK,0.0,0.0
Pontotoc__OK,0.0,0.0
Garvin__OK,0.0,0.0
Murray__OK,0.0,0.0
Love__OK,0.0,0.0
Carter__OK,0.0,0.0
Jefferson__OK,0.0,0.0
Stephens__OK,0.0,0.0
Cotton__OK,0.0,0.0
Comanche__OK,0.0,0.0
Tillman__OK,0.0,0.0
Jackson__OK,0.0,0.0
Greer__OK,0.0,0.0
Kiowa__OK,0.0,0.0
Harmon__OK,0.0,0.0
Muskogee__OK,0.0,0.0
McIntosh__OK,0.0,0.0
Hughes__OK,0.0,0.0
Seminole__OK,0.0,0.0
Pottawatomie__OK,0.0,0.0
Cleveland__OK,0.0,0.0
McClain__OK,0.0,0.0
Grady__OK,0.0,0.0
Caddo__OK,0.0,0.0
Canadian__OK,0.0,0.0
Oklahoma__OK,0.0,0.0
Lincoln__OK,0.0,0.0
Okfuskee__OK,0.0,0.0
Okmulgee__OK,0.0,0.0
Wagoner__OK,0.0,0.0
Rogers__OK,0.0,0.0
Nowata__OK,0.0,0.0
Washington__OK,0.0,0.0
Tulsa__OK,0.0,0.0
Creek__OK,0.0,0.0
Payne__OK,0.0,0.0
Logan__OK,0.0,0.0
Kingfisher__OK,0.0,0.0
Blaine__OK,0.0,0.0
Washita__OK,0.0,0.0
Beckham__OK,0.0,0.0
Custer__OK,0.0,0.0
Dewey__OK,0.0,0.0
Roger_Mills__OK,0.0,0.0
Ellis__OK,0.0,0.0
Woodward__OK,0.0,0.0
Major__OK,0.0,0.0
Garfield__OK,0.0,0.0
Noble__OK,0.0,0.0
Pawnee__OK,0.0,0.0
Osage__OK,0.0,0.0
Kay__OK,0.0,0.0
Grant__OK,0.0,0.0
Alfalfa__OK,0.0,0.0
Woods__OK,0.0,0.0
Harper__OK,0.0,0.0
Beaver__OK,0.0,0.0
Clatsop__OR,0.0,0.0
Columbia__OR,0.0,0.0
Curry__OR,0.0,0.0
Coos__OR,0.0,0.0
Josephine__OR,0.0,0.0
Jackson__OR,0.0,0.0
Douglas__OR,0.0,0.0
Klamath__OR,0.0,0.0
Lake__OR,0.0,0.0
Harney__OR,0.0,0.0
Malheur__OR,0.0,0.0
Baker__OR,0.0,0.0
Wallowa__OR,0.0,0.0
Union__OR,0.0,0.0
Grant__OR,0.0,0.0
Wheeler__OR,0.0,0.0
Crook__OR,0.0,0.0
Deschutes__OR,0.0,0.0
Jefferson__OR,0.0,0.0
Linn__OR,0.0,0.0
Lane__OR,0.0,0.0
Benton__OR,0.0,0.0
Lincoln__OR,0.0,0.0
Polk__OR,0.0,0.0
Yamhill__OR,0.0,0.0
Marion__OR,0.0,0.0
Clackamas__OR,0.0,0.0
Umatilla__OR,0.0,0.0
Morrow__OR,0.0,0.0
Gilliam__OR,0.0,0.0
Sherman__OR,0.0,0.0
Wasco__OR,0.0,0.0
Hood_River__OR,0.0,0.0
Multnomah__OR,0.0,0.0
Washington__OR,0.0,0.0
Tillamook__OR,0.0,0.0
Philadelphia__PA,0.0,0.0
Bucks__PA,0.0,0.0
Greene__PA,0.0,0.0
Fayette__PA,0.0,0.0
Washington__PA,0.0,0.0
Allegheny__PA,0.0,0.0
Beaver__PA,0.0,0.0
Lawrence__PA,0.0,0.0
Butler__PA,0.0,0.0
Armstrong__PA,0.0,0.0
Clarion__PA,0.0,0.0
Forest__PA,0.0,0.0
Venango__PA,0.0,0.0
Mercer__PA,0.0,0.0
Crawford__PA,0.0,0.0
Erie__PA,0.0,0.0
Westmoreland__PA,0.0,0.0
Indiana__PA,0.0,0.0
Jefferson__PA,0.0,0.0
Warren__PA,0.0,0.0
McKean__PA,0.0,0.0
Cameron__PA,0.0,0.0
Elk__PA,0.0,0.0
Clearfield__PA,0.0,0.0
Blair__PA,0.0,0.0
Cambria__PA,0.0,0.0
Somerset__PA,0.0,0.0
Bedford__PA,0.0,0.0
Fulton__PA,0.0,0.0
Huntingdon__PA,0.0,0.0
Franklin__PA,0.0,0.0
Mifflin__PA,0.0,0.0
Potter__PA,0.0,0.0
Clinton__PA,0.0,0.0
Centre__PA,0.0,0.0
Union__PA,0.0,0.0
Montour__PA,0.0,0.0
Tioga__PA,0.0,0.0
Lycoming__PA,0.0,0.0
Wyoming__PA,0.0,0.0
Sullivan__PA,0.0,0.0
Columbia__PA,0.0,0.0
Northumberland__PA,0.0,0.0
Snyder__PA,0.0,0.0
Juniata__PA,0.0,0.0
Perry__PA,0.0,0.0
Cumberland__PA,0.0,0.0
Adams__PA,0.0,0.0
York__PA,0.0,0.0
Dauphin__PA,0.0,0.0
Lebanon__PA,0.0,0.0
Lancaster__PA,0.0,0.0
Berks__PA,0.0,0.0
Schuylkill__PA,0.0,0.0
Carbon__PA,0.0,0.0
Luzerne__PA,0.0,0.0
Lackawanna__PA,0.0,0.0
Bradford__PA,0.0,0.0
Susquehanna__PA,0.0,0.0
Wayne__PA,0.0,0.0
Pike__PA,0.0,0.0
Monroe__PA,0.0,0.0
Northampton__PA,0.0,0.0
Lehigh__PA,0.0,0.0
Delaware__PA,0.0,0.0
Montgomery__PA,0.0,0.0
Chester__PA,0.0,0.0
Kent__RI,0.0,0.0
Providence__RI,0.0,0.0
Bristol__RI,0.0,0.0
Newport__RI,0.0,0.0
Washington__RI,0.0,0.0
Pickens__SC,0.0,0.0
Oconee__SC,0.0,0.0
Beaufort__SC,0.0,0.0
Hampton__SC,0.0,0.0
Jasper__SC,0.0,0.0
Marion__SC,0.0,0.0
Dillon__SC,0.0,0.0
Horry__SC,0.0,0.0
Charleston__SC,0.0,0.0
Dorchester__SC,0.0,0.0
Berkeley__SC,0.0,0.0
Georgetown__SC,0.0,0.0
Clarendon__SC,0.0,0.0
Williamsburg__SC,0.0,0.0
Florence__SC,0.0,0.0
Marlboro__SC,0.0,0.0
Darlington__SC,0.0,0.0
Lee__SC,0.0,0.0
Kershaw__SC,0.0,0.0
Sumter__SC,0.0,0.0
Calhoun__SC,0.0,0.0
Colleton__SC,0.0,0.0
Allendale__SC,0.0,0.0
Bamberg__SC,0.0,0.0
Orangeburg__SC,0.0,0.0
Barnwell__SC,0.0,0.0
Aiken__SC,0.0,0.0
Lexington__SC,0.0,0.0
Richland__SC,0.0,0.0
Fairfield__SC,0.0,0.0
Newberry__SC,0.0,0.0
Saluda__SC,0.0,0.0
Edgefield__SC,0.0,0.0
McCormick__SC,0.0,0.0
Greenwood__SC,0.0,0.0
Laurens__SC,0.0,0.0
Abbeville__SC,0.0,0.0
Anderson__SC,0.0,0.0
Union__SC,0.0,0.0
Chesterfield__SC,0.0,0.0
Lancaster__SC,0.0,0.0
Chester__SC,0.0,0.0
York__SC,0.0,0.0
Cherokee__SC,0.0,0.0
Spartanburg__SC,0.0,0.0
Greenville__SC,0.0,0.0
Perkins__SD,0.0,0.0
Harding__SD,0.0,0.0
Custer__SD,0.0,0.0
Fall_River__SD,0.0,0.0
Shannon__SD,0.0,0.0
Bennett__SD,0.0,0.0
Mellette__SD,0.0,0.0
Todd__SD,0.0,0.0
Tripp__SD,0.0,0.0
Gregory__SD,0.0,0.0
Brule__SD,0.0,0.0
Aurora__SD,0.0,0.0
Davison__SD,0.0,0.0
Douglas__SD,0.0,0.0
Charles_Mix__SD,0.0,0.0
Bon_Homme__SD,0.0,0.0
Yankton__SD,0.0,0.0
Hutchinson__SD,0.0,0.0
Hanson__SD,0.0,0.0
McCook__SD,0.0,0.0
Turner__SD,0.0,0.0
Clay__SD,0.0,0.0
Union__SD,0.0,0.0
Lincoln__SD,0.0,0.0
Minnehaha__SD,0.0,0.0
Lyman__SD,0.0,0.0
Jones__SD,0.0,0.0
Jackson__SD,0.0,0.0
Stanley__SD,0.0,0.0
Haakon__SD,0.0,0.0
Pennington__SD,0.0,0.0
Lawrence__SD,0.0,0.0
Butte__SD,0.0,0.0
Meade__SD,0.0,0.0
Ziebach__SD,0.0,0.0
Dewey__SD,0.0,0.0
Walworth__SD,0.0,0.0
Potter__SD,0.0,0.0
Sully__SD,0.0,0.0
Hughes__SD,0.0,0.0
Buffalo__SD,0.0,0.0
Jerauld__SD,0.0,0.0
Sanborn__SD,0.0,0.0
Miner__SD,0.0,0.0
Lake__SD,0.0,0.0
Moody__SD,0.0,0.0
Brookings__SD,0.0,0.0
Hamlin__SD,0.0,0.0
Kingsburg__SD,0.0,0.0
Beadle__SD,0.0,0.0
Hyde__SD,0.0,0.0
Hand__SD,0.0,0.0
Edmunds__SD,0.0,0.0
Faulk__SD,0.0,0.0
Spink__SD,0.0,0.0
Clark__SD,0.0,0.0
Codington__SD,0.0,0.0
Deuel__SD,0.0,0.0
Grand__SD,0.0,0.0
Day__SD,0.0,0.0
Roberts__SD,0.0,0.0
Marshall__SD,0.0,0.0
Brown__SD,0.0,0.0
McPherson__SD,0.0,0.0
Campbell__SD,0.0,0.0
Corson__SD,0.0,0.0
Sullivan__TN,0.0,0.0
Johnson__TN,0.0,0.0
McNairy__TN,0.0,0.0
Chester__TN,0.0,0.0
Hardeman__TN,0.0,0.0
Fayette__TN,0.0,0.0
Haywood__TN,0.0,0.0
Madison__TN,0.0,0.0
Crockett__TN,0.0,0.0
Gibson__TN,0.0,0.0
Carroll__TN,0.0,0.0
Weakley__TN,0.0,0.0
Obion__TN,0.0,0.0
Lake__TN,0.0,0.0
Dyer__TN,0.0,0.0
Lauderdale__TN,0.0,0.0
Tipton__TN,0.0,0.0
Shelby__TN,0.0,0.0
Henderson__TN,0.0,0.0
Henry__TN,0.0,0.0
Benton__TN,0.0,0.0
Decatur__TN,0.0,0.0
Hardin__TN,0.0,0.0
Lawrence__TN,0.0,0.0
Wayne__TN,0.0,0.0
Lewis__TN,0.0,0.0
Perry__TN,0.0,0.0
Hickman__TN,0.0,0.0
Humphreys__TN,0.0,0.0
Houston__TN,0.0,0.0
Stewart__TN,0.0,0.0
Montgomery__TN,0.0,0.0
Robertson__TN,0.0,0.0
Cheatham__TN,0.0,0.0
Dickson__TN,0.0,0.0
Marshall__TN,0.0,0.0
Williamson__TN,0.0,0.0
Giles__TN,0.0,0.0
Maury__TN,0.0,0.0
Lincoln__TN,0.0,0.0
Moore__TN,0.0,0.0
Bedford__TN,0.0,0.0
Rutherford__TN,0.0,0.0
Davidson__TN,0.0,0.0
Sumner__TN,0.0,0.0
Wilson__TN,0.0,0.0
Cannon__TN,0.0,0.0
Coffee__TN,0.0,0.0
Franklin__TN,0.0,0.0
Marion__TN,0.0,0.0
Sequatchie__TN,0.0,0.0
Grundy__TN,0.0,0.0
Van_Buren__TN,0.0,0.0
Warren__TN,0.0,0.0
White__TN,0.0,0.0
DeKalb__TN,0.0,0.0
Putnam__TN,0.0,0.0
Trousdale__TN,0.0,0.0
Macon__TN,0.0,0.0
Smith__TN,0.0,0.0
Jackson__TN,0.0,0.0
Overton__TN,0.0,0.0
Clay__TN,0.0,0.0
Pickett__TN,0.0,0.0
Bledsoe__TN,0.0,0.0
Fentress__TN,0.0,0.0
Cumberland__TN,0.0,0.0
Rhea__TN,0.0,0.0
Meigs__TN,0.0,0.0
Hamilton__TN,0.0,0.0
Bradley__TN,0.0,0.0
Polk__TN,0.0,0.0
Monroe__TN,0.0,0.0
McMinn__TN,0.0,0.0
Roane__TN,0.0,0.0
Morgan__TN,0.0,0.0
Scott__TN,0.0,0.0
Campbell__TN,0.0,0.0
Anderson__TN,0.0,0.0
Loudon__TN,0.0,0.0
Blount__TN,0.0,0.0
Sevier__TN,0.0,0.0
Knox__TN,0.0,0.0
Union__TN,0.0,0.0
Claiborne__TN,0.0,0.0
Hancock__TN,0.0,0.0
Grainger__TN,0.0,0.0
Hamblen__TN,0.0,0.0
Jefferson__TN,0.0,0.0
Cocke__TN,0.0,0.0
Unicoi__TN,0.0,0.0
Hawkins__TN,0.0,0.0
Greene__TN,0.0,0.0
Washington__TN,0.0,0.0
Carter__TN,0.0,0.0
Bowie__TX,0.0,0.0
Red_River__TX,0.0,0.0
Crosby__TX,0.0,0.0
Lubbock__TX,0.0,0.0
Hockley__TX,0.0,0.0
Cochran__TX,0.0,0.0
Floyd__TX,0.0,0.0
Hale__TX,0.0,0.0
Lamb__TX,0.0,0.0
Bailey__TX,0.0,0.0
Briscoe__TX,0.0,0.0
Swisher__TX,0.0,0.0
Castro__TX,0.0,0.0
Parmer__TX,0.0,0.0
Armstrong__TX,0.0,0.0
Randall__TX,0.0,0.0
Deaf_Smith__TX,0.0,0.0
Carson__TX,0.0,0.0
Potter__TX,0.0,0.0
Oldham__TX,0.0,0.0
Hutchinson__TX,0.0,0.0
Moore__TX,0.0,0.0
Hartley__TX,0.0,0.0
Hansford__TX,0.0,0.0
Sherman__TX,0.0,0.0
Dallam__TX,0.0,0.0
Hudspeth__TX,0.0,0.0
El_Paso__TX,0.0,0.0
Lynn__TX,0.0,0.0
Terry__TX,0.0,0.0
Yoakum__TX,0.0,0.0
Dawson__TX,0.0,0.0
Gaines__TX,0.0,0.0
Martin__TX,0.0,0.0
Andrews__TX,0.0,0.0
Midland__TX,0.0,0.0
Ector__TX,0.0,0.0
Crane__TX,0.0,0.0
Presidio__TX,0.0,0.0
Culberson__TX,0.0,0.0
Ward__TX,0.0,0.0
Winkler__TX,0.0,0.0
Loving__TX,0.0,0.0
Reeves__TX,0.0,0.0
Jeff_Davis__TX,0.0,0.0
Brewster__TX,0.0,0.0
Terrell__TX,0.0,0.0
Pecos__TX,0.0,0.0
Upton__TX,0.0,0.0
Reagan__TX,0.0,0.0
Glasscock__TX,0.0,0.0
Howard__TX,0.0,0.0
Borden__TX,0.0,0.0
Garza__TX,0.0,0.0
Scurry__TX,0.0,0.0
Mitchell__TX,0.0,0.0
Sterling__TX,0.0,0.0
Irion__TX,0.0,0.0
Crockett__TX,0.0,0.0
Val_Verde__TX,0.0,0.0
Zapata__TX,0.0,0.0
Jim_Hogg__TX,0.0,0.0
Starr__TX,0.0,0.0
Willacy__TX,0.0,0.0
Hidalgo__TX,0.0,0.0
Brooks__TX,0.0,0.0
Kenedy__TX,0.0,0.0
Kleberg__TX,0.0,0.0
Jim_Wells__TX,0.0,0.0
Nueces__TX,0.0,0.0
San_Patricio__TX,0.0,0.0
Calhoun__TX,0.0,0.0
Refugio__TX,0.0,0.0
Bee__TX,0.0,0.0
Live_Oak__TX,0.0,0.0
McMullen__TX,0.0,0.0
Duval__TX,0.0,0.0
Webb__TX,0.0,0.0
La_Salle__TX,0.0,0.0
Dimmit__TX,0.0,0.0
Maverick__TX,0.0,0.0
Kinney__TX,0.0,0.0
Edwards__TX,0.0,0.0
Real__TX,0.0,0.0
Uvalde__TX,0.0,0.0
Zavala__TX,0.0,0.0
Frio__TX,0.0,0.0
Goliad__TX,0.0,0.0
Victoria__TX,0.0,0.0
DeWitt__TX,0.0,0.0
Karnes__TX,0.0,0.0
Wilson__TX,0.0,0.0
Atascosa__TX,0.0,0.0
Medina__TX,0.0,0.0
Bandera__TX,0.0,0.0
Kerr__TX,0.0,0.0
Gillespie__TX,0.0,0.0
Blanco__TX,0.0,0.0
Kendall__TX,0.0,0.0
Bexar__TX,0.0,0.0
Guadalupe__TX,0.0,0.0
Comal__TX,0.0,0.0
Hays__TX,0.0,0.0
Caldwell__TX,0.0,0.0
Gonzales__TX,0.0,0.0
Lavaca__TX,0.0,0.0
Jackson__TX,0.0,0.0
Matagorda__TX,0.0,0.0
Wharton__TX,0.0,0.0
Colorado__TX,0.0,0.0
Bastrop__TX,0.0,0.0
Fayette__TX,0.0,0.0
Lee__TX,0.0,0.0
Austin__TX,0.0,0.0
Washington__TX,0.0,0.0
Waller__TX,0.0,0.0
Fort_Bend__TX,0.0,0.0
Brazoria__TX,0.0,0.0
Galveston__TX,0.0,0.0
Montgomery__TX,0.0,0.0
Harris__TX,0.0,0.0
Chambers__TX,0.0,0.0
Hardin__TX,0.0,0.0
Liberty__TX,0.0,0.0
Jefferson__TX,0.0,0.0
Orange__TX,0.0,0.0
Travis__TX,0.0,0.0
Kent__TX,0.0,0.0
Kimble__TX,0.0,0.0
Sutton__TX,0.0,0.0
Schleicher__TX,0.0,0.0
Menard__TX,0.0,0.0
Mason__TX,0.0,0.0
Llano__TX,0.0,0.0
Burnet__TX,0.0,0.0
Williamson__TX,0.0,0.0
Burleson__TX,0.0,0.0
San_Jacinto__TX,0.0,0.0
Walker__TX,0.0,0.0
Grimes__TX,0.0,0.0
Brazos__TX,0.0,0.0
Madison__TX,0.0,0.0
Leon__TX,0.0,0.0
Robertson__TX,0.0,0.0
Milam__TX,0.0,0.0
Bell__TX,0.0,0.0
Coryell__TX,0.0,0.0
Lampasas__TX,0.0,0.0
Mills__TX,0.0,0.0
San_Saba__TX,0.0,0.0
McCulloch__TX,0.0,0.0
Concho__TX,0.0,0.0
Tom_Green__TX,0.0,0.0
Coke__TX,0.0,0.0
Runnels__TX,0.0,0.0
Coleman__TX,0.0,0.0
Brown__TX,0.0,0.0
Comanche__TX,0.0,0.0
Hamilton__TX,0.0,0.0
Bosque__TX,0.0,0.0
Falls__TX,0.0,0.0
McLennan__TX,0.0,0.0
Hill__TX,0.0,0.0
Limestone__TX,0.0,0.0
Freestone__TX,0.0,0.0
Navarro__TX,0.0,0.0
Somervell__TX,0.0,0.0
Ellis__TX,0.0,0.0
Johnson__TX,0.0,0.0
Hood__TX,0.0,0.0
Erath__TX,0.0,0.0
Eastland__TX,0.0,0.0
Callahan__TX,0.0,0.0
Taylor__TX,0.0,0.0
Nolan__TX,0.0,0.0
Fisher__TX,0.0,0.0
Jones__TX,0.0,0.0
Shackelford__TX,0.0,0.0
Stephens__TX,0.0,0.0
Palo_Pinto__TX,0.0,0.0
Parker__TX,0.0,0.0
Tarrant__TX,0.0,0.0
Dallas__TX,0.0,0.0
Rockwall__TX,0.0,0.0
Kaufman__TX,0.0,0.0
Rains__TX,0.0,0.0
Van_Zandt__TX,0.0,0.0
Henderson__TX,0.0,0.0
Anderson__TX,0.0,0.0
Houston__TX,0.0,0.0
Trinity__TX,0.0,0.0
Polk__TX,0.0,0.0
Newton__TX,0.0,0.0
Jasper__TX,0.0,0.0
Tyler__TX,0.0,0.0
Angelina__TX,0.0,0.0
Sabine__TX,0.0,0.0
San_Augustine__TX,0.0,0.0
Shelby__TX,0.0,0.0
Nacogdoches__TX,0.0,0.0
Cherokee__TX,0.0,0.0
Panola__TX,0.0,0.0
Rusk__TX,0.0,0.0
Gregg__TX,0.0,0.0
Smith__TX,0.0,0.0
Wood__TX,0.0,0.0
Harrison__TX,0.0,0.0
Upshur__TX,0.0,0.0
Camp__TX,0.0,0.0
Marion__TX,0.0,0.0
Cass__TX,0.0,0.0
Morris__TX,0.0,0.0
Titus__TX,0.0,0.0
Franklin__TX,0.0,0.0
Hopkins__TX,0.0,0.0
Delta__TX,0.0,0.0
Hunt__TX,0.0,0.0
Collin__TX,0.0,0.0
Denton__TX,0.0,0.0
Wise__TX,0.0,0.0
Jack__TX,0.0,0.0
Young__TX,0.0,0.0
Throckmorton__TX,0.0,0.0
Haskell__TX,0.0,0.0
Stonewall__TX,0.0,0.0
Dickens__TX,0.0,0.0
Motley__TX,0.0,0.0
Hall__TX,0.0,0.0
Donley__TX,0.0,0.0
Gray__TX,0.0,0.0
Roberts__TX,0.0,0.0
Ochiltree__TX,0.0,0.0
Lipscomb__TX,0.0,0.0
Hemphill__TX,0.0,0.0
Wheeler__TX,0.0,0.0
Collingsworth__TX,0.0,0.0
Childress__TX,0.0,0.0
Cottle__TX,0.0,0.0
King__TX,0.0,0.0
Knox__TX,0.0,0.0
Foard__TX,0.0,0.0
Hardeman__TX,0.0,0.0
Archer__TX,0.0,0.0
Baylor__TX,0.0,0.0
Wilbarger__TX,0.0,0.0
Wichita__TX,0.0,0.0
Clay__TX,0.0,0.0
Montague__TX,0.0,0.0
Cooke__TX,0.0,0.0
Fannin__TX,0.0,0.0
Grayson__TX,0.0,0.0
Lamar__TX,0.0,0.0
Aransas__TX,0.0,0.0
Cameron__TX,0.0,0.0
San_Juan__UT,0.0,0.0
Garfield__UT,0.0,0.0
Morgan__UT,0.0,0.0
Davis__UT,0.0,0.0
Weber__UT,0.0,0.0
Rich__UT,0.0,0.0
Cache__UT,0.0,0.0
Box_Elder__UT,0.0,0.0
Daggett__UT,0.0,0.0
Salt_Lake__UT,0.0,0.0
Summit_UT,0.0,0.0
Wasatch__UT,0.0,0.0
Utah__UT,0.0,0.0
Tooele__UT,0.0,0.0
Juab__UT,0.0,0.0
Millard__UT,0.0,0.0
Sevier__UT,0.0,0.0
Sanpete__UT,0.0,0.0
Carbon__UT,0.0,0.0
Duchesne__UT,0.0,0.0
Uintah__UT,0.0,0.0
Grand__UT,0.0,0.0
Emery__UT,0.0,0.0
Wayne__UT,0.0,0.0
Piute__UT,0.0,0.0
Beaver__UT,0.0,0.0
Iron__UT,0.0,0.0
Washington__UT,0.0,0.0
Kane__UT,0.0,0.0
Northampton__VA,0.0,0.0
Buchanan__VA,0.0,0.0
Tazewell__VA,0.0,0.0
Accomack__VA,0.0,0.0
Smyth__VA,0.0,0.0
Bristol__VA,0.0,0.0
Washington__VA,0.0,0.0
Russell__VA,0.0,0.0
Norton__VA,0.0,0.0
Wise__VA,0.0,0.0
Dickenson__VA,0.0,0.0
Scott__VA,0.0,0.0
Lee__VA,0.0,0.0
Bland__VA,0.0,0.0
Grayson__VA,0.0,0.0
Galax__VA,0.0,0.0
Wythe__VA,0.0,0.0
Giles__VA,0.0,0.0
Radford__VA,0.0,0.0
Pulaski__VA,0.0,0.0
Falls_Church__VA,0.0,0.0
Arlington__VA,0.0,0.0
Carroll__VA,0.0,0.0
Henry__VA,0.0,0.0
Patrick__VA,0.0,0.0
Floyd__VA,0.0,0.0
Montgomery__VA,0.0,0.0
Salem__VA,0.0,0.0
Franklin_Co.__VA,0.0,0.0
Bedford_Co.__VA,0.0,0.0
Roanoke_Co.__VA,0.0,0.0
Alleghany__VA,0.0,0.0
Craig__VA,0.0,0.0
Botetourt__VA,0.0,0.0
Amherst__VA,0.0,0.0
Rockbridge__VA,0.0,0.0
Bath__VA,0.0,0.0
Highland__VA,0.0,0.0
Greene__VA,0.0,0.0
Rockingham__VA,0.0,0.0
Augusta__VA,0.0,0.0
Nelson__VA,0.0,0.0
Buckingham__VA,0.0,0.0
Appomattox__VA,0.0,0.0
Campbell__VA,0.0,0.0
Halifax__VA,0.0,0.0
Pittsylvania__VA,0.0,0.0
Martinsville__VA,0.0,0.0
Danville__VA,0.0,0.0
Lynchburg__VA,0.0,0.0
Roanoke__VA,0.0,0.0
Buena_Vista__VA,0.0,0.0
Covington__VA,0.0,0.0
Lexington__VA,0.0,0.0
Waynesboro__VA,0.0,0.0
Staunton__VA,0.0,0.0
Charlottesville__VA,0.0,0.0
Harrisonburg__VA,0.0,0.0
Albemarle__VA,0.0,0.0
Fluvanna__VA,0.0,0.0
Cumberland__VA,0.0,0.0
Prince_Edward__VA,0.0,0.0
Charlotte__VA,0.0,0.0
Mecklenburg__VA,0.0,0.0
Colonial_Heights__VA,0.0,0.0
Lunenburg__VA,0.0,0.0
Hopewell__VA,0.0,0.0
Alexandria__VA,0.0,0.0
Page__VA,0.0,0.0
Shenandoah__VA,0.0,0.0
Clarke__VA,0.0,0.0
Winchester__VA,0.0,0.0
Frederick__VA,0.0,0.0
Warren__VA,0.0,0.0
Rappahannock__VA,0.0,0.0
Madison__VA,0.0,0.0
Louisa__VA,0.0,0.0
Goochland__VA,0.0,0.0
Orange__VA,0.0,0.0
Amelia__VA,0.0,0.0
Powhatan__VA,0.0,0.0
Nottoway__VA,0.0,0.0
Brunswick__VA,0.0,0.0
Dinwiddie__VA,0.0,0.0
Emporia__VA,0.0,0.0
Greensville__VA,0.0,0.0
Poquoson__VA,0.0,0.0
Franklin__VA,0.0,0.0
Southampton__VA,0.0,0.0
Hampton__VA,0.0,0.0
Williamsburg__VA,0.0,0.0
Newport_News__VA,0.0,0.0
Portsmouth__VA,0.0,0.0
York__VA,0.0,0.0
James_City__VA,0.0,0.0
Surry__VA,0.0,0.0
Sussex__VA,0.0,0.0
Prince_George__VA,0.0,0.0
Petersburg__VA,0.0,0.0
Henrico__VA,0.0,0.0
Chesterfield__VA,0.0,0.0
Charles_City__VA,0.0,0.0
New_Kent__VA,0.0,0.0
Richmond__VA,0.0,0.0
Fredericksburg__VA,0.0,0.0
Fairfax__VA,0.0,0.0
Manassas__VA,0.0,0.0
Loudoun__VA,0.0,0.0
Fauquier__VA,0.0,0.0
Culpeper__VA,0.0,0.0
Spotsylvania__VA,0.0,0.0
Hanover__VA,0.0,0.0
King_William__VA,0.0,0.0
King_and_Queen__VA,0.0,0.0
Middlesex__VA,0.0,0.0
Gloucester__VA,0.0,0.0
Lancaster__VA,0.0,0.0
Richmond_Co.__VA,0.0,0.0
Essex__VA,0.0,0.0
Caroline__VA,0.0,0.0
Fairfax_Co.__VA,0.0,0.0
Stafford__VA,0.0,0.0
King_George__VA,0.0,0.0
Westmoreland__VA,0.0,0.0
Northumberland__VA,0.0,0.0
Mathews__VA,0.0,0.0
Norfolk__VA,0.0,0.0
Isle_of_Wight__VA,0.0,0.0
Suffolk__VA,0.0,0.0
Chesapeake__VA,0.0,0.0
Virginia_Beach__VA,0.0,0.0
Essex__VT,0.0,0.0
Orleans__VT,0.0,0.0
Bennington__VT,0.0,0.0
Grand_Isle__VT,0.0,0.0
Washington__VT,0.0,0.0
Caledonia__VT,0.0,0.0
Lamoille__VT,0.0,0.0
Franklin__VT,0.0,0.0
Chittenden_VT,0.0,0.0
Addison__VT,0.0,0.0
Rutland__VT,0.0,0.0
Windham__VT,0.0,0.0
Windsor__VT,0.0,0.0
Orange__VT,0.0,0.0
Okanogan__WA,0.0,0.0
Whatcom__WA,0.0,0.0
Wahkiakum__WA,0.0,0.0
Asotin__WA,0.0,0.0
Garfield__WA,0.0,0.0
Columbia__WA,0.0,0.0
Walla_Walla__WA,0.0,0.0
Franklin__WA,0.0,0.0
Whitman__WA,0.0,0.0
Spokane__WA,0.0,0.0
Pend_Oreille__WA,0.0,0.0
Stevens__WA,0.0,0.0
Lincoln__WA,0.0,0.0
Adams__WA,0.0,0.0
Grant__WA,0.0,0.0
Benton__WA,0.0,0.0
Klickitat__WA,0.0,0.0
Clark__WA,0.0,0.0
Skamania__WA,0.0,0.0
Cowlitz__WA,0.0,0.0
Pacific__WA,0.0,0.0
Lewis__WA,0.0,0.0
Thurston__WA,0.0,0.0
Pierce__WA,0.0,0.0
Yakima__WA,0.0,0.0
Kittitas__WA,0.0,0.0
Douglas__WA,0.0,0.0
Ferry__WA,0.0,0.0
San_Juan__WA,0.0,0.0
Island__WA,0.0,0.0
Snohomish__WA,0.0,0.0
King__WA,0.0,0.0
Kitsap__WA,0.0,0.0
Mason__WA,0.0,0.0
Grays_Harbor__WA,0.0,0.0
Jefferson__WA,0.0,0.0
Clallam__WA,0.0,0.0
Skagit__WA,0.0,0.0
Chelan__WA,0.0,0.0
Door__WI,0.0,0.0
Kewaunee__WI,0.0,0.0
Pierce__WI,0.0,0.0
Pepin__WI,0.0,0.0
Buffalo__WI,0.0,0.0
Trempealeau__WI,0.0,0.0
Jackson__WI,0.0,0.0
Eau_Claire__WI,0.0,0.0
Clark__WI,0.0,0.0
Chippewa__WI,0.0,0.0
Dunn__WI,0.0,0.0
St._Croix__WI,0.0,0.0
Polk__WIO,0.0,0.0
Barron__WI,0.0,0.0
Rusk__WI,0.0,0.0
Taylor__WI,0.0,0.0
Price__WI,0.0,0.0
Sawyer__WI,0.0,0.0
Washburn__WI,0.0,0.0
Burnett__WI,0.0,0.0
Douglas__WI,0.0,0.0
Bayfield__WI,0.0,0.0
Ashland__WI,0.0,0.0
Iron__WI,0.0,0.0
Vilas__WI,0.0,0.0
Oneida__WI,0.0,0.0
Lincoln__WI,0.0,0.0
Langlade__WI,0.0,0.0
Marathon__WI,0.0,0.0
Wood__WI,0.0,0.0
Adams__WI,0.0,0.0
Juneau__WI,0.0,0.0
Monroe__WI,0.0,0.0
La_Crosse__WI,0.0,0.0
Vernon__WI,0.0,0.0
Sauk__WI,0.0,0.0
Richland__WI,0.0,0.0
Crawford__WI,0.0,0.0
Iowa__WI,0.0,0.0
Grant__WI,0.0,0.0
Lafayette__WI,0.0,0.0
Green__WI,0.0,0.0
Marquette__WI,0.0,0.0
Portage__WI,0.0,0.0
Waupaca__WI,0.0,0.0
Waushara__WI,0.0,0.0
Green_Lake__WI,0.0,0.0
Columbia__WI,0.0,0.0
Dane__WI,0.0,0.0
Rock__WI,0.0,0.0
Kenosha__WI,0.0,0.0
Racine__WI,0.0,0.0
Walworth__WI,0.0,0.0
Dodge__WI,0.0,0.0
Jefferson__WI,0.0,0.0
Waukesha__WI,0.0,0.0
Milwaukee__WI,0.0,0.0
Ozaukee__WI,0.0,0.0
Washington__WI,0.0,0.0
Winnebago__WI,0.0,0.0
Fond_du_Lac__WI,0.0,0.0
Sheboygan__WI,0.0,0.0
Calumet__WI,0.0,0.0
Manitowoc__WI,0.0,0.0
Brown__WI,0.0,0.0
Outagamie__WI,0.0,0.0
Shawano__WI,0.0,0.0
Menominee__WI,0.0,0.0
Oconto__WI,0.0,0.0
Forest__WI,0.0,0.0
Florence__WI,0.0,0.0
Marinette__WI,0.0,0.0
Berkeley__WV,0.0,0.0
Jefferson__WV,0.0,0.0
Cabell__WV,0.0,0.0
Mingo__WV,0.0,0.0
Wayne__WV,0.0,0.0
Wyoming__WV,0.0,0.0
Logan__WV,0.0,0.0
McDowell__WV,0.0,0.0
Mercer__WV,0.0,0.0
Monroe__WV,0.0,0.0
Summers__WV,0.0,0.0
Raleigh__WV,0.0,0.0
Boone__WV,0.0,0.0
Lincoln__WV,0.0,0.0
Putnam__WV,0.0,0.0
Mason__WV,0.0,0.0
Jackson__WV,0.0,0.0
Kanawha__WV,0.0,0.0
Fayette__WV,0.0,0.0
Clay__WV,0.0,0.0
Roane__WV,0.0,0.0
Calhoun__WV,0.0,0.0
Wirt__WV,0.0,0.0
Wood__WV,0.0,0.0
Pleasants__WV,0.0,0.0
Ritchie__WV,0.0,0.0
Gilmer__WV,0.0,0.0
Braxton__WV,0.0,0.0
Nicholas__WV,0.0,0.0
Greenbrier__WV,0.0,0.0
Webster__WV,0.0,0.0
Upshur__WV,0.0,0.0
Lewis__WV,0.0,0.0
Doddridge__WV,0.0,0.0
Tyler__WV,0.0,0.0
Harrison__WV,0.0,0.0
Hancock__WV,0.0,0.0
Brooke__WV,0.0,0.0
Ohio__WV,0.0,0.0
Marshall__WV,0.0,0.0
Wetzel__WV,0.0,0.0
Marion__WV,0.0,0.0
Barbour__WV,0.0,0.0
Taylor__WV,0.0,0.0
Monongalia__WV,0.0,0.0
Pocahontas__WV,0.0,0.0
Preston__WV,0.0,0.0
Randolph__WV,0.0,0.0
Pendleton__WV,0.0,0.0
Tucker__WV,0.0,0.0
Grant__WV,0.0,0.0
Hardy__WV,0.0,0.0
Mineral__WV,0.0,0.0
Hampshire__WV,0.0,0.0
Morgan__WV,0.0,0.0
Laramie__WY,0.0,0.0
Goshen__WY,0.0,0.0
Teton__WY,0.0,0.0
Lincoln__WY,0.0,0.0
Uinta__WY,0.0,0.0
Sublette__WY,0.0,0.0
Park__WY,0.0,0.0
Sweetwater__WY,0.0,0.0
Fremont__WY,0.0,0.0
Hot_Springs__WY,0.0,0.0
Washakie__WY,0.0,0.0
Big_Horn__WY,0.0,0.0
Sheridan__WY,0.0,0.0
Johnson__WY,0.0,0.0
Natrona__WY,0.0,0.0
Carbon__WY,0.0,0.0
Albany__WY,0.0,0.0
Weston__WY,0.0,0.0
Crook__WY,0.0,0.0
Campbell__WY,0.0,0.0
Converse__WY,0.0,0.0
Niobrara__WY,0.0,0.0
Platte__WY,0.0,0.0
Washington__DC,0.0,0.0
_State_borders,0.0,0.0
_separator,0.0,0.0
